4388,Scary Movie 2 (2001),Comedy|Horror
4389,Lost and Delirious (2001),Drama|Romance
4390,Rape Me (Baise-moi) (2000),Crime|Drama|Thriller
4392,Alice (1990),Comedy|Drama|Fantasy|Romance
4393,Another Woman (1988),Drama|Comedy
4394,Beach Blanket Bingo (1965),Comedy|Musical
4395,Big Deal on Madonna Street (I Soliti Ignoti) (1958),Comedy|Crime
4396,"Cannonball Run, The (1981)",Action|Comedy
4397,Cannonball Run II (1984),Action|Comedy
4399,"Diary of a Chambermaid (Journal d'une femme de chambre, Le) (1964)",Crime|Thriller
4402,Dr. Goldfoot and the Bikini Machine (1965),Comedy|Sci-Fi
4403,"Fall of the House of Usher, The (House of Usher) (1960)",Horror|Fantasy
4404,Faust (1926),Drama|Fantasy|Horror
4406,"Man Who Shot Liberty Valance, The (1962)",Crime|Drama|Western
4407,Salvador (1986),Drama|Thriller|War
4408,September (1987),Drama|Comedy
4409,Shadows and Fog (1991),Comedy|Drama|Mystery|Thriller
4410,Something Wild (1986),Comedy|Crime|Drama|Thriller
4412,"Thing with Two Heads, The (1972)",Comedy|Horror|Sci-Fi
4419,All That Heaven Allows (1955),Drama|Romance
4420,"Barefoot Contessa, The (1954)",Drama|Crime
4422,Cries and Whispers (Viskningar och rop) (1972),Drama
4424,"Garden of the Finzi-Continis, The (Giardino dei Finzi-Contini, Il) (1970)",Drama|War|History
4426,Kiss Me Deadly (1955),Film-Noir|Thriller
4427,"Lion in Winter, The (1968)",Drama|History
4428,"Misfits, The (1961)",Comedy|Drama|Romance|Western
4429,Moby Dick (1956),Drama|Adventure
4432,Sweet Smell of Success (1957),Drama|Film-Noir|Thriller
4433,Written on the Wind (1956),Drama|Romance
4434,"10th Victim, The (La decima vittima) (1965)",Action|Comedy|Sci-Fi|Thriller
4436,Obsession (1976),Mystery|Thriller
4437,Suspiria (1977),Horror|Mystery|Thriller
4438,"Fist of Fury (Chinese Connection, The) (Jing wu men) (1972)",Action|Drama|Thriller
4439,Christiane F. (a.k.a. We Children from Bahnhof Zoo) (Christiane F. - Wir Kinder vom Bahnhof Zoo) (1981),Drama|Crime
4440,"Big Boss, The (Fists of Fury) (Tang shan da xiong) (1971)",Action|Crime
4441,Game of Death (1978),Action|Thriller
4442,"Last Dragon, The (1985)",Action|Comedy|Drama
4443,Outland (1981),Action|Sci-Fi|Thriller|Western
4444,"Way of the Dragon, The (a.k.a. Return of the Dragon) (Meng long guo jiang) (1972)",Action|Crime|Comedy
4445,T-Rex: Back to the Cretaceous (1998),Adventure|Documentary|IMAX
4446,Final Fantasy: The Spirits Within (2001),Adventure|Animation|Fantasy|Sci-Fi
4447,Legally Blonde (2001),Comedy|Romance
4448,"Score, The (2001)",Action|Drama|Thriller
4449,Adanggaman (2000),Drama|History
4450,Bully (2001),Crime|Drama|Thriller
4451,Jump Tomorrow (2001),Comedy|Drama|Romance
4452,Made (2001),Comedy|Thriller
4453,Michael Jordan to the Max (2000),Documentary|IMAX
4454,More (1998),Animation|Drama|Sci-Fi|IMAX
4458,Africa: The Serengeti (1994),Documentary|IMAX|Drama
4459,Alaska: Spirit of the Wild (1997),Documentary|IMAX
4462,18 Again! (1988),Comedy|Fantasy
4463,1969 (1988),Drama|War
4464,"Accidental Tourist, The (1988)",Comedy|Drama|Romance
4465,"Accused, The (1988)",Drama|Crime
4466,Above the Law (1988),Action|Crime|Drama|Thriller
4467,"Adventures of Baron Munchausen, The (1988)",Adventure|Comedy|Fantasy
4470,Ariel (1988),Drama|Crime|Romance
4471,Arthur 2: On the Rocks (1988),Comedy|Romance
4473,Bat*21 (1988),Drama|War|Action
4474,Beaches (1988),Comedy|Drama|Musical
4475,"Beast of War, The (Beast, The) (1988)",Drama|War
4476,Big Business (1988),Comedy|Drama
4477,Big Top Pee-Wee (1988),Adventure|Children|Comedy
4478,Biloxi Blues (1988),Comedy|Drama|War
4480,"Blob, The (1988)",Horror|Sci-Fi
4482,"Bright Lights, Big City (1988)",Drama|Comedy
4483,Caddyshack II (1988),Comedy|Sports|Family
4484,Camille Claudel (1988),Drama|Romance
4487,Cocktail (1988),Drama|Romance|Comedy
4488,Colors (1988),Action|Crime|Drama
4489,Coming to America (1988),Comedy|Romance
4490,"Couch Trip, The (1988)",Comedy|Indie
4492,Critters (1986),Horror|Sci-Fi
4495,Crossing Delancey (1988),Comedy|Romance
4496,D.O.A. (1988),Film-Noir|Mystery|Thriller
4497,Dead Heat (1988),Action|Comedy|Horror|Sci-Fi
4498,"Dead Pool, The (1988)",Action|Crime|Thriller
4499,Dirty Rotten Scoundrels (1988),Comedy|Crime
4500,Drowning by Numbers (1988),Comedy|Drama
4502,Ernest Saves Christmas (1988),Children|Comedy
4504,Feds (1988),Comedy|Action
4505,For Keeps (1988),Drama|Romance|Comedy
4506,Frantic (1988),Crime|Mystery|Thriller
4508,Gorillas in the Mist (1988),Adventure|Documentary
4509,"Great Outdoors, The (1988)",Comedy|Children
4511,High Spirits (1988),Comedy|Horror
4516,Johnny Be Good (1988),Comedy|Sports
4517,Lady in White (a.k.a. The Mystery of the Lady in White) (1988),Horror|Mystery|Thriller
4518,The Lair of the White Worm (1988),Comedy|Horror
4519,"Land Before Time, The (1988)",Adventure|Animation|Children|Fantasy
4520,License to Drive (1988),Comedy
4521,Little Nikita (1988),Thriller|Action
4522,Masquerade (1988),Mystery|Romance|Thriller
4523,Milagro Beanfield War (1988),Comedy|Drama|Fantasy
4524,Moon Over Parador (1988),Comedy|Romance
4526,My Stepmother Is an Alien (1988),Comedy|Romance|Sci-Fi
4527,"Night in the Life of Jimmy Reardon, A (1988)",Comedy|Romance
4529,Bagdad Cafe (Out of Rosenheim) (1987),Comedy|Drama
4531,Red Heat (1988),Action|Comedy
4533,"Return of the Living Dead, The (1985)",Comedy|Horror|Sci-Fi
4534,Return to Snowy River (a.k.a. The Man From Snowy River II) (1988),Adventure|Drama|Western
4535,"Man from Snowy River, The (1982)",Drama|Romance|Western
4537,Running on Empty (1988),Drama|Crime|Romance
4541,"Serpent and the Rainbow, The (1988)",Horror|Fantasy
4544,Short Circuit 2 (1988),Comedy|Sci-Fi|Children
4545,Short Circuit (1986),Comedy|Sci-Fi|Children
4546,"Vanishing, The (Spoorloos) (1988)",Drama|Thriller|Crime
4552,"Tetsuo, the Ironman (Tetsuo) (1988)",Action|Horror|Sci-Fi|Thriller
4553,They Live (1988),Action|Sci-Fi|Thriller
4557,Tucker: The Man and His Dream (1988),Drama|Comedy
4558,Twins (1988),Comedy|Action
4562,Without a Clue (1988),Comedy|Mystery|Thriller
4563,Young Einstein (1988),Comedy|Slapstick
4564,Always (1989),Drama|Fantasy|Romance
4565,American Ninja (1985),Action|Adventure
4568,Best of the Best (1989),Action|Sports
4571,Bill & Ted's Excellent Adventure (1989),Adventure|Comedy|Sci-Fi
4572,Black Rain (1989),Action|Crime|Drama
4573,Blaze (1989),Comedy|Drama|Romance
4574,Blind Fury (1989),Action|Thriller|Comedy
4577,Casualties of War (1989),Drama|War|Crime
4578,Chances Are (1989),Comedy|Romance
4580,Cyborg (1989),Action|Sci-Fi
4581,Dad (1989),Drama|Comedy
4583,Disorganized Crime (1989),Action|Comedy
4584,Dream a Little Dream (1989),Comedy|Drama|Romance
4585,"Dream Team, The (1989)",Comedy|Crime
4587,Earth Girls Are Easy (1988),Comedy|Musical|Sci-Fi
4589,Eddie and the Cruisers (1983),Drama|Musical|Mystery
4591,Erik the Viking (1989),Adventure|Comedy|Fantasy
4593,Family Business (1989),Comedy|Crime
4594,Farewell to the King (1989),Action|War|Adventure
4595,Fat Man and Little Boy (1989),Drama|War
4597,Gleaming the Cube (1989),Action|Drama|Mystery
4599,Great Balls of Fire! (1989),Drama|Musical
4600,Gross Anatomy (a.k.a. A Cut Above) (1989),Comedy|Drama
4602,Harlem Nights (1989),Comedy|Crime|Romance
4603,Her Alibi (1989),Comedy|Romance
4605,How to Get Ahead in Advertising (1989),Comedy|Fantasy
4608,"Innocent Man, An (1989)",Crime|Drama|Thriller|Action
4610,"January Man, The (1989)",Comedy|Crime|Mystery|Thriller
4611,Johnny Handsome (1989),Crime|Drama|Thriller|Action
4612,Jesus of Montreal (J챕sus de Montr챕al) (1989),Drama
4613,K-9 (1989),Action|Comedy|Crime
4614,Kickboxer (1989),Action|Sports
4615,Last Exit to Brooklyn (1989),Drama|Crime|History
4616,Lean on Me (1989),Drama|Action
4617,Let It Ride (1989),Comedy|Action
4619,Little Monsters (1989),Comedy|Adventure|Children|Fantasy
4621,Look Who's Talking (1989),Comedy|Romance|Children
4622,Loverboy (1989),Comedy|Romance
4623,Major League (1989),Comedy|Sports
4624,Meet the Feebles (1989),Animation|Comedy|Musical
4625,Millennium (1989),Drama|Sci-Fi|Thriller
4626,Miracle Mile (1989),Drama|Romance|Sci-Fi
4628,New York Stories (1989),Comedy|Drama|Romance
4629,Next of Kin (1989),Action|Crime|Thriller
4630,No Holds Barred (1989),Action|Sports
4632,"Package, The (1989)",Action|Thriller
4634,Penn & Teller Get Killed (1989),Adventure|Comedy|Thriller
4635,Pink Cadillac (1989),Action|Comedy|Drama
4636,"Punisher, The (1989)",Action|Thriller
4638,Jurassic Park III (2001),Action|Adventure|Sci-Fi|Thriller
4639,America's Sweethearts (2001),Comedy|Romance
4640,Brother (2000),Action|Crime|Thriller
4641,Ghost World (2001),Comedy|Drama|Action
4642,Hedwig and the Angry Inch (2000),Comedy|Drama|Musical
4643,Planet of the Apes (2001),Action|Adventure|Drama|Sci-Fi
4644,Bread and Tulips (Pane e tulipani) (2000),Comedy|Drama|Romance
4645,Cure (1997),Crime|Horror|Thriller
4646,Greenfingers (2000),Comedy|Drama
4649,Wet Hot American Summer (2001),Comedy|Romance
4653,"Return of the Musketeers, The (1989)",Adventure|Comedy|Action
4654,Road House (1989),Action|Drama|Thriller
4658,Santa Sangre (1989),Drama|Horror|Mystery|Thriller
4660,Scenes from the Class Struggle in Beverly Hills (1989),Comedy|Indie
4661,Sea of Love (1989),Crime|Drama|Thriller
4662,"See No Evil, Hear No Evil (1989)",Comedy|Crime|Thriller
4663,She's Out of Control (1989),Comedy|Indie
4666,Skin Deep (1989),Comedy|Romance
4670,"Stepfather, The (1987)",Horror|Thriller|Crime
4671,Sweetie (1989),Drama|Comedy
4672,"Tall Guy, The (1989)",Comedy|Romance
4673,Tango & Cash (1989),Action|Comedy|Crime|Thriller
4675,Three Fugitives (1989),Action|Comedy
4676,Troop Beverly Hills (1989),Comedy|Children
4677,Turner & Hooch (1989),Comedy|Crime|Children
4678,UHF (1989),Comedy|Drama
4679,Uncle Buck (1989),Comedy|Children
4681,"War of the Roses, The (1989)",Comedy|Drama|Thriller
4683,"Wizard, The (1989)",Adventure|Children|Comedy|Drama
4686,Weekend at Bernie's II (1993),Adventure|Comedy
4687,Billy Liar (1963),Comedy|Fantasy
4688,Black Robe (1991),Adventure|Drama|Western
4689,"Cat o' Nine Tails, The (Gatto a nove code, Il) (1971)",Mystery|Thriller|Horror
4690,"Cotton Club, The (1984)",Crime|Musical
4695,Who'll Stop the Rain (1978),Crime|Drama|Thriller
4697,Basket Case (1982),Comedy|Horror
4699,Original Sin (2001),Drama|Romance|Thriller
4700,"Princess Diaries, The (2001)",Children|Comedy|Romance
4701,Rush Hour 2 (2001),Action|Comedy
4703,Chocolat (1988),Drama|Comedy
4704,Hatari! (1962),Adventure|Comedy
4705,"Cage aux Folles, La (1978)",Comedy|Drama
4708,Marat/Sade (1966),Drama|Musical
4709,Paint Your Wagon (1969),Comedy|Musical|Western
4710,"Shootist, The (1976)",Drama|Western
4711,Theremin: An Electronic Odyssey (1993),Documentary|Indie
4713,Altered States (1980),Drama|Sci-Fi
4714,Any Which Way You Can (1980),Comedy|Action
4715,"Awakening, The (1980)",Horror|Drama
4717,"Battle Creek Brawl (Big Brawl, The) (1980)",Action|Comedy
4718,American Pie 2 (2001),Comedy|Drama
4719,Osmosis Jones (2001),Action|Animation|Comedy|Crime|Drama|Romance|Thriller
4720,"Others, The (2001)",Drama|Horror|Mystery|Thriller
4721,American Outlaws (2001),Action|Comedy|Western
4722,All Over the Guy (2001),Comedy|Romance
4723,"Deep End, The (2001)",Drama|Thriller|Crime
4725,Session 9 (2001),Horror|Thriller
4727,Captain Corelli's Mandolin (2001),Drama|Romance|War
4728,Rat Race (2001),Comedy|Adventure
4732,Bubble Boy (2001),Comedy|Adventure
4733,"Curse of the Jade Scorpion, The (2001)",Comedy|Crime
4734,Jay and Silent Bob Strike Back (2001),Adventure|Comedy
4735,Ghosts of Mars (2001),Horror|Sci-Fi|Thriller
4736,Summer Catch (2001),Comedy|Drama|Romance
4738,Happy Accidents (2000),Romance|Sci-Fi
4740,Maybe Baby (2000),Comedy|Romance
4741,Together (Tillsammans) (2000),Comedy|Drama|Romance
4743,Tortilla Soup (2001),Comedy|Romance
4744,Jeepers Creepers (2001),Horror
4745,O (2001),Drama|Thriller|Romance
4748,3 Ninjas (1992),Action|Children|Comedy
4749,3 Ninjas Kick Back (1994),Action|Children|Comedy
4750,3 Ninjas Knuckle Up (1995),Action|Children
4754,"Wicker Man, The (1973)",Drama|Horror|Mystery|Thriller
4756,"Musketeer, The (2001)",Action|Adventure|Drama|Romance
4757,Rock Star (2001),Comedy|Drama|Musical
4759,Two Can Play That Game (2001),Comedy|Drama
4765,L.I.E. (2001),Drama|Crime|Thriller
4766,"Our Lady of the Assassins (Virgen de los sicarios, La) (2000)",Crime|Drama|Romance
4769,Into the Arms of Strangers: Stories of the Kindertransport (2000),Documentary|History
4770,"Glass House, The (2001)",Thriller|Mystery
4771,Hardball (2001),Drama|Sports
4772,Dinner Rush (2000),Drama|Crime|Thriller
4773,Haiku Tunnel (2001),Comedy|Indie
4774,Big Trouble (2002),Comedy|Crime
4775,Glitter (2001),Drama|Musical|Romance
4776,Training Day (2001),Crime|Drama|Thriller
4777,"American Astronaut, The (2001)",Comedy|Musical|Sci-Fi
4780,Liam (2000),Drama|Indie
4782,Sidewalks of New York (2001),Comedy|Romance
4783,"Endurance: Shackleton's Legendary Antarctic Expedition, The (2000)",Documentary|History
4784,"French Lieutenant's Woman, The (1981)",Drama|Romance
4785,"Great Silence, The (Grande silenzio, Il) (1969)",Drama|Western
4786,"Legend of Hell House, The (1973)",Horror|Thriller
4787,Little Man Tate (1991),Drama|Family
4788,Moscow Does Not Believe in Tears (Moskva slezam ne verit) (1979),Drama|Romance
4789,Phantom of the Paradise (1974),Comedy|Fantasy|Horror|Musical|Thriller
4792,13 Ghosts (1960),Horror
4794,Opera (1987),Crime|Horror|Mystery
4795,Father Goose (1964),Adventure|Comedy|Romance|War
4796,"Grass Is Greener, The (1960)",Comedy|Romance
4798,Indiscreet (1958),Comedy|Romance
4799,"It's a Mad, Mad, Mad, Mad World (1963)",Action|Adventure|Comedy|Crime
4800,King Solomon's Mines (1937),Action|Adventure|Drama|Romance|Thriller
4801,"Little Foxes, The (1941)",Drama|Romance
4802,Operation Petticoat (1959),Action|Comedy|Romance|War
4803,Play Misty for Me (1971),Drama|Thriller
4804,Pocketful of Miracles (1961),Comedy|Drama
4808,"Vanishing, The (1993)",Mystery|Thriller
4809,Silkwood (1983),Drama|Thriller
4810,I Never Promised You a Rose Garden (1977),Drama|Fantasy
4811,Quadrophenia (1979),Drama|Musical
4812,SpaceCamp (1986),Adventure|Sci-Fi
4813,When Worlds Collide (1951),Sci-Fi|Thriller
4814,Don't Say a Word (2001),Thriller|Action
4815,Hearts in Atlantis (2001),Drama|Mystery|Thriller
4816,Zoolander (2001),Comedy
4818,Extreme Days (2001),Action|Adventure|Comedy|Drama
4821,Joy Ride (2001),Adventure|Thriller
4822,Max Keeble's Big Move (2001),Children|Comedy
4823,Serendipity (2001),Comedy|Romance
4825,"Swamp, The (Ci챕naga, La) (2001)",Comedy|Drama
4826,"Big Red One, The (1980)",Action|Adventure|Drama|War
4827,"Boogeyman, The (1980)",Horror
4828,"Party, The (Boum, La) (1980)",Comedy|Romance
4830,Brubaker (1980),Crime|Drama
4831,Can't Stop the Music (1980),Comedy|Musical
4833,"Changeling, The (1980)",Horror|Mystery|Thriller
4835,Coal Miner's Daughter (1980),Drama|Musical
4836,"Competition, The (1980)",Drama|Romance
4840,"Last Metro, The (Dernier m챕tro, Le) (1980)",Drama|Romance
4844,Bandits (2001),Comedy|Crime|Romance
4845,Corky Romano (2001),Comedy|Crime
4846,Iron Monkey (Siu nin Wong Fei-hung ji: Tit Ma Lau) (1993),Action|Comedy
4847,Fat Girl (? ma soeur!) (2001),Drama
4848,Mulholland Drive (2001),Crime|Drama|Film-Noir|Mystery|Thriller
4849,My First Mister (2001),Comedy|Drama
4850,Spriggan (Supurigan) (1998),Action|Animation|Sci-Fi
4852,Bones (2001),Horror|Action
4855,Dirty Harry (1971),Action|Crime|Thriller
4857,Fiddler on the Roof (1971),Drama|Musical
4860,Making the Grade (1984),Comedy|Romance
4862,Not Without My Daughter (1991),Drama|Thriller
4863,Female Trouble (1975),Comedy|Crime
4864,Titanica (1992),Documentary|IMAX
4865,From Hell (2001),Crime|Drama
4866,"Last Castle, The (2001)",Action|Thriller
4867,Riding in Cars with Boys (2001),Comedy|Drama
4871,Focus (2001),Drama
4873,Waking Life (2001),Animation|Drama|Fantasy
4874,K-PAX (2001),Drama|Fantasy|Mystery|Sci-Fi
4876,Thirteen Ghosts (a.k.a. Thir13en Ghosts) (2001),Horror|Thriller
4877,Better Than Sex (2000),Comedy|Romance
4878,Donnie Darko (2001),Drama|Mystery|Sci-Fi|Thriller
4879,High Heels and Low Lifes (2001),Action|Comedy|Crime|Drama
4880,Life as a House (2001),Drama|Comedy
4881,"Man Who Wasn't There, The (2001)",Crime|Drama
4883,"Town is Quiet, The (Ville est tranquille, La) (2000)",Drama
4885,Domestic Disturbance (2001),Thriller|Crime
4886,"Monsters, Inc. (2001)",Adventure|Animation|Children|Comedy|Fantasy
4887,"One, The (2001)",Action|Sci-Fi|Thriller
4888,Tape (2001),Drama|Thriller
4889,Heist (2001),Crime|Drama
4890,Shallow Hal (2001),Comedy|Fantasy|Romance
4893,When a Stranger Calls (1979),Horror|Thriller
4896,Harry Potter and the Sorcerer's Stone (a.k.a. Harry Potter and the Philosopher's Stone) (2001),Adventure|Children|Fantasy
4898,Novocaine (2001),Comedy|Crime|Mystery|Thriller
4899,Black Knight (2001),Adventure|Comedy|Fantasy
4900,Out Cold (2001),Comedy|Sports
4901,Spy Game (2001),Action|Crime|Drama|Thriller
4902,"Devil's Backbone, The (Espinazo del diablo, El) (2001)",Drama|Fantasy|Horror|Thriller|War
4903,In the Bedroom (2001),Drama|Thriller
4909,"Incredible Shrinking Woman, The (1981)",Comedy|Sci-Fi
4911,Jabberwocky (1977),Adventure|Comedy|Fantasy
4912,Funny Girl (1968),Drama|Musical|Romance
4914,Breathless (? bout de souffle) (1960),Crime|Drama|Romance
4915,"Beastmaster, The (1982)",Action|Adventure|Fantasy
4916,Midway (1976),Drama|War
4917,MacArthur (1977),Drama|War|Action|History
4919,Subway (1985),Crime|Drama|Romance|Thriller
4920,"Now, Voyager (1942)",Drama|Romance
4921,Little Women (1933),Drama|Romance
4925,"Cheap Detective, The (1978)",Comedy|Thriller
4926,Everybody's Famous! (Iedereen beroemd!) (2000),Comedy|Drama|Musical
4927,"Last Wave, The (1977)",Fantasy|Mystery|Thriller
4928,That Obscure Object of Desire (Cet obscur objet du d챕sir) (1977),Drama|Romance|Comedy
4929,"Toy, The (1982)",Comedy|Children
4932,Dressed to Kill (1980),Mystery|Thriller
4936,Fame (1980),Drama|Musical
4939,"Final Countdown, The (1980)",Action|Sci-Fi
4941,Flash Gordon (1980),Action|Adventure|Sci-Fi
4942,"Angry Red Planet, The (1959)",Sci-Fi|Horror
4945,"Enforcer, The (1976)",Crime|Action
4946,"Eye for an Eye, An (1981)",Action|Crime|Thriller
4947,"Gauntlet, The (1977)",Action|Thriller
4951,Lord of the Flies (1990),Adventure|Drama|Thriller
4952,Morons From Outer Space (1985),Comedy|Sci-Fi
4953,"People That Time Forgot, The (1977)",Adventure|Sci-Fi
4954,Ocean's Eleven (a.k.a. Ocean's 11) (1960),Comedy|Crime
4956,"Stunt Man, The (1980)",Action|Adventure|Comedy|Drama|Romance|Thriller
4957,Sudden Impact (1983),Crime|Thriller
4958,Behind Enemy Lines (2001),Action|Drama|War
4959,"Affair of the Necklace, The (2001)",Drama|Romance|Thriller
4961,Pornstar: The Legend of Ron Jeremy (2001),Documentary
4962,Texas Rangers (2001),Adventure|Western
4963,Ocean's Eleven (2001),Crime|Thriller
4964,Baran (2001),Adventure|Drama|Romance
4965,"Business of Strangers, The (2001)",Action|Drama|Thriller
4966,"Incredible Shrinking Man, The (1957)",Sci-Fi|Thriller
4967,No Man's Land (2001),Drama|War
4969,And Then There Were None (1945),Crime|Mystery
4970,"Blue Angel, The (Blaue Engel, Der) (1930)",Drama|Comedy|Romance
4971,Moscow on the Hudson (1984),Comedy|Drama
4973,"Amelie (Fabuleux destin d'Am챕lie Poulain, Le) (2001)",Comedy|Romance
4974,Not Another Teen Movie (2001),Comedy|Romance
4975,Vanilla Sky (2001),Mystery|Romance|Sci-Fi|Thriller
4976,Iris (2001),Drama|Romance
4977,Kandahar (Safar e Ghandehar) (2001),Drama|Documentary|War
4978,Lantana (2001),Drama|Mystery|Thriller
4979,"Royal Tenenbaums, The (2001)",Comedy|Drama
4980,Bill & Ted's Bogus Journey (1991),Adventure|Comedy|Fantasy|Sci-Fi
4981,Clockwise (1986),Comedy|Drama
4985,Sheena (1984),Action|Adventure|Fantasy
4987,Spacehunter: Adventures in the Forbidden Zone (1983),Action|Adventure|Sci-Fi
4988,White Water Summer (1987),Adventure|Thriller
4989,How High (2001),Comedy
4990,Jimmy Neutron: Boy Genius (2001),Adventure|Animation|Children|Comedy
4991,Joe Somebody (2001),Comedy|Drama|Romance
4992,Kate & Leopold (2001),Comedy|Romance
4993,"Lord of the Rings: The Fellowship of the Ring, The (2001)",Adventure|Fantasy
4994,"Majestic, The (2001)",Comedy|Drama|Romance
4995,"Beautiful Mind, A (2001)",Drama|Romance
4998,"Defiant Ones, The (1958)",Adventure|Crime|Drama|Thriller
5004,"Party, The (1968)",Comedy|Drama
5007,Topkapi (1964),Adventure|Comedy|Thriller
5008,Witness for the Prosecution (1957),Drama|Mystery|Thriller
5009,Ali (2001),Drama|Sports
5010,Black Hawk Down (2001),Action|Drama|War
5011,Charlotte Gray (2001),Drama|Romance
5012,Yentl (1983),Drama|Musical|Romance
5013,Gosford Park (2001),Comedy|Drama|Mystery
5014,I Am Sam (2001),Drama
5015,Monster's Ball (2001),Drama|Romance
5016,"Shipping News, The (2001)",Drama|Romance
5021,Murder by Death (1976),Comedy|Crime|Mystery|Thriller
5023,"Waterdance, The (1992)",Drama|Comedy
5025,Orange County (2002),Comedy|Drama
5026,"Brotherhood of the Wolf (Pacte des loups, Le) (2001)",Action|Mystery|Thriller
5027,Another 48 Hrs. (1990),Action|Comedy|Crime|Drama|Thriller
5028,What Time Is It There? (Ni neibian jidian) (2001),Drama
5033,"Russia House, The (1990)",Drama|Thriller
5034,"Truly, Madly, Deeply (1991)",Drama|Romance
5039,Dragonslayer (1981),Action|Adventure|Fantasy
5040,Conan the Destroyer (1984),Action|Adventure|Fantasy
5041,Fire and Ice (1983),Animation|Fantasy
5046,Impostor (2002),Action|Drama|Sci-Fi|Thriller
5047,Kung Pow: Enter the Fist (2002),Action|Comedy
5048,Snow Dogs (2002),Adventure|Children|Comedy
5049,48 Hrs. (1982),Action|Comedy|Crime|Drama
5051,Italian for Beginners (Italiensk for begyndere) (2000),Comedy|Drama|Romance
5053,Blankman (1994),Comedy|Action
5054,Brainstorm (1983),Sci-Fi|Thriller
5055,Dragon: The Bruce Lee Story (1993),Action|Drama
5059,Little Dieter Needs to Fly (1997),Documentary|War
5060,M*A*S*H (a.k.a. MASH) (1970),Comedy|Drama|War
5062,Seconds (1966),Mystery|Sci-Fi|Thriller
5063,One-Eyed Jacks (1961),Western|Action
5064,The Count of Monte Cristo (2002),Action|Adventure|Drama|Thriller
5065,"Mothman Prophecies, The (2002)",Drama|Fantasy|Horror|Mystery|Thriller
5066,"Walk to Remember, A (2002)",Drama|Romance
5068,Beijing Bicycle (Shiqi sui de dan che) (2001),Drama
5069,Escaflowne: The Movie (Escaflowne) (2000),Action|Adventure|Animation|Drama|Fantasy
5071,Maelstr철m (2000),Drama|Romance
5072,Metropolis (2001),Animation|Sci-Fi
5073,"Son's Room, The (Stanza del figlio, La) (2001)",Drama|Family
5074,Storytelling (2001),Comedy|Drama
5075,Waydowntown (2000),Comedy|Indie
5076,"Adventures of Huck Finn, The (1993)",Adventure|Children|Comedy|Drama
5077,Cousins (1989),Comedy|Romance
5080,Slackers (2002),Comedy|Drama
5081,Birthday Girl (2001),Drama|Romance
5083,Rare Birds (2001),Comedy|Drama
5088,"Going Places (Valseuses, Les) (1974)",Comedy|Crime|Drama
5092,Big Fat Liar (2002),Children|Comedy
5093,Collateral Damage (2002),Action|Thriller
5094,Rollerball (2002),Action|Sci-Fi
5095,"Scotland, Pa. (2001)",Comedy|Crime
5096,Baby's Day Out (1994),Comedy|Children
5099,Heidi (1937),Children|Drama
5102,Rookie of the Year (1993),Comedy|Fantasy
5103,"Sandlot, The (1993)",Children|Comedy|Drama
5105,Don't Look Now (1973),Drama|Horror|Thriller
5106,Crossroads (2002),Comedy|Musical|Romance
5107,Hart's War (2002),Drama|War
5108,John Q (2002),Crime|Drama|Thriller
5109,Return to Never Land (2002),Adventure|Animation|Children
5110,Super Troopers (2001),Comedy|Crime|Mystery
5111,"Good Son, The (1993)",Drama|Thriller
5112,Last Orders (2001),Drama|Comedy
5113,After the Fox (Caccia alla volpe) (1966),Comedy|Crime
5114,"Bad and the Beautiful, The (1952)",Drama|Romance
5116,Designing Woman (1957),Comedy|Romance
5120,Sleuth (1972),Comedy|Mystery|Thriller
5121,Stroszek (1977),Comedy|Drama
5127,Dragonfly (2002),Drama|Fantasy|Mystery|Romance|Thriller
5128,Queen of the Damned (2002),Fantasy|Horror
5131,How to Kill Your Neighbor's Dog (2000),Comedy|Drama
5134,Mean Machine (2001),Comedy|Drama
5135,Monsoon Wedding (2001),Comedy|Romance
5136,Wendigo (2001),Drama|Horror
5137,Scratch (2001),Documentary|Musical
5139,"Bad News Bears, The (1976)",Comedy|Children
5146,Vampire Hunter D: Bloodlust (Banpaia hant창 D) (2000),Animation|Fantasy|Horror|Sci-Fi
5147,Wild Strawberries (Smultronst채llet) (1957),Drama
5151,40 Days and 40 Nights (2002),Comedy|Romance
5152,We Were Soldiers (2002),Action|Drama|War
5155,"Big Bird Cage, The (1972)",Action|Thriller
5156,"Big Doll House, The (1971)",Action|Thriller
5159,Ferngully: The Last Rainforest (1992),Animation|Children|Comedy|Musical
5165,Zombie (a.k.a. Zombie 2: The Dead Are Among Us) (Zombi 2) (1979),Horror
5168,Royal Wedding (1951),Comedy|Musical|Romance
5170,All About the Benjamins (2002),Action|Comedy|Crime
5171,"Time Machine, The (2002)",Action|Adventure|Sci-Fi
5177,"Magnificent Ambersons, The (1942)",Drama|Romance
5178,Fun (1994),Crime|Drama
5181,Hangar 18 (1980),Action|Sci-Fi|Thriller
5187,Hopscotch (1980),Comedy|Thriller
5189,Humanoids from the Deep (1980),Horror|Sci-Fi
5197,Little Darlings (1980),Drama|Comedy
5198,"Long Good Friday, The (1980)",Drama|Thriller
5202,Mon oncle d'Am챕rique (1980),Drama|Comedy
5205,Motel Hell (1980),Comedy|Horror
5209,Ffolkes (1979),Action|Adventure|Thriller
5212,"Octagon, The (1980)",Action|Thriller
5213,"Oh, God! Book II (1980)",Comedy|Thriller
5214,"Oh, God! (1977)",Comedy|Fantasy
5218,Ice Age (2002),Adventure|Animation|Children|Comedy
5219,Resident Evil (2002),Action|Horror|Sci-Fi|Thriller
5220,Showtime (2002),Action|Comedy
5221,Harrison's Flowers (2000),Drama|War|Romance
5222,Kissing Jessica Stein (2001),Comedy|Romance
5224,Promises (2001),Documentary|Drama
5225,And Your Mother Too (Y tu mam찼 tambi챕n) (2001),Drama|Romance
5226,All the Right Moves (1983),Drama|Romance
5231,Road to Morocco (1942),Comedy|Children
5237,Taps (1981),Drama|War
5238,Return of the Secaucus 7 (1980),Drama|Indie
5239,Rude Boy (1980),Documentary|Drama
5240,Running Scared (1980),Action|Drama
5241,Seems Like Old Times (1980),Comedy|Romance
5244,Shogun Assassin (1980),Action|Adventure
5246,Smokey and the Bandit II (1980),Action|Comedy
5247,Smokey and the Bandit (1977),Action|Comedy
5248,Smokey and the Bandit III (1983),Action|Comedy
5250,Stir Crazy (1980),Comedy|Thriller
5254,Blade II (2002),Action|Horror|Thriller
5255,Sorority Boys (2002),Comedy
5256,Stolen Summer (2002),Drama|Family|Comedy
5258,George Washington (2000),Drama|Indie
5264,Clockstoppers (2002),Action|Adventure|Sci-Fi|Thriller
5265,Death to Smoochy (2002),Comedy|Crime|Drama
5266,Panic Room (2002),Thriller|Crime
5267,"Rookie, The (2002)",Drama|Sports
5268,No Such Thing (2001),Drama|Fantasy|Romance
5269,"Piano Teacher, The (La pianiste) (2001)",Drama|Romance
5272,Time Out (L'emploi du temps) (2001),Drama|Thriller
5275,Boxcar Bertha (1972),Drama|Crime|Thriller
5278,Fraternity Vacation (1985),Comedy|Romance
5279,Impromptu (1991),Comedy|Romance
5282,High Crimes (2002),Thriller|Crime
5283,National Lampoon's Van Wilder (2002),Comedy|Romance
5284,Crush (2001),Comedy|Romance
5285,Lucky Break (2001),Comedy|Crime
5288,"Atomic Cafe, The (1982)",Documentary|War
5291,Rashomon (Rash척mon) (1950),Crime|Drama|Mystery
5292,Slap Shot (1977),Comedy|Sports
5293,Changing Lanes (2002),Drama|Thriller
5294,Frailty (2001),Crime|Drama|Thriller
5296,"Sweetest Thing, The (2002)",Comedy|Romance
5297,"Cat's Meow, The (2002)",Drama|Thriller
5298,Human Nature (2001),Comedy|Romance
5299,My Big Fat Greek Wedding (2002),Comedy|Romance
5300,3:10 to Yuma (1957),Action|Adventure|Drama|Thriller|Western
5303,Joe Versus the Volcano (1990),Comedy|Romance
5304,"Rome, Open City (a.k.a. Open City) (Roma, citt횪 aperta) (1945)",Drama|War
5307,Taking Care of Business (1990),Comedy|Sports
5308,Three Men and a Baby (1987),Comedy|Children
5309,Three Men and a Little Lady (1990),Comedy|Romance
5311,"Watcher in the Woods, The (1980)",Children|Horror|Mystery|Thriller
5312,Murder by Numbers (2002),Crime|Thriller
5313,The Scorpion King (2002),Action|Adventure|Fantasy|Thriller
5316,Enigma (2001),Romance|Thriller
5319,Nine Queens (Nueve reinas) (2000),Crime|Thriller
5321,"Triumph of Love, The (2001)",Comedy|Romance
5322,World Traveler (2001),Drama
5323,Jason X (2002),Horror|Sci-Fi|Thriller
5324,Life or Something Like It (2002),Comedy|Romance
5325,Dogtown and Z-Boyz (2001),Documentary|Sports
5328,Rain (2001),Drama|Romance
5329,"Salton Sea, The (2002)",Crime|Drama|Thriller
5333,Bob le Flambeur (1955),Crime|Drama
5334,Cadillac Man (1990),Comedy|Crime
5337,Delirious (1991),Comedy|Fantasy
5338,Full Moon in Blue Water (1988),Drama|Comedy|Romance
5339,Husbands and Wives (1992),Comedy|Drama
5341,Lenny (1974),Drama|Comedy
5345,Triumph of the Spirit (1989),Drama|Sports|War
5346,Wild Orchid (1990),Drama|Romance
5347,Deuces Wild (2002),Drama|Action|War
5348,Hollywood Ending (2002),Comedy|Drama
5349,Spider-Man (2002),Action|Adventure|Sci-Fi|Thriller
5353,Butterflies Are Free (1972),Comedy|Drama
5356,"Giant Spider Invasion, The (1975)",Horror|Sci-Fi
5357,Iron Will (1994),Adventure|Sports
5358,Mountains of the Moon (1990),Adventure
5361,White Fang (1991),Adventure|Action
5363,"New Guy, The (2002)",Comedy
5364,Unfaithful (2002),Drama|Thriller
5365,"Lady and the Duke, The (Anglaise et le duc, L') (2001)",Drama|Romance
5372,Calamity Jane (1953),Musical|Western
5373,"Cranes Are Flying, The (Letyat zhuravli) (1957)",Drama|Romance|War
5375,"Harvey Girls, The (1946)",Comedy|Musical|Western
5377,About a Boy (2002),Comedy|Drama|Romance
5378,Star Wars: Episode II - Attack of the Clones (2002),Action|Adventure|Sci-Fi|IMAX
5379,"Believer, The (2001)",Drama
5380,"Importance of Being Earnest, The (2002)",Comedy|Drama|Romance
5382,Every Which Way But Loose (1978),Comedy|Action
5384,I Want to Live! (1958),Crime|Drama
5385,"Last Waltz, The (1978)",Documentary|Musical
5387,Enough (2002),Drama|Thriller
5388,Insomnia (2002),Action|Crime|Drama|Mystery|Thriller
5389,Spirit: Stallion of the Cimarron (2002),Adventure|Animation|Children|Western
5390,CQ (2001),Drama|Sci-Fi|Comedy
5391,Thirteen Conversations About One Thing (a.k.a. 13 Conversations) (2001),Drama
5397,Monkey Business (1952),Comedy|Sci-Fi
5398,Requiem for a Heavyweight (1962),Drama|Sports
5400,"Sum of All Fears, The (2002)",Drama|Thriller
5401,Undercover Brother (2002),Comedy|Action
5404,84 Charing Cross Road (1987),Drama|Romance
5409,Rapid Fire (1992),Action|Thriller
5410,Silent Running (1972),Drama|Sci-Fi
5414,Bad Company (2002),Action|Comedy|Crime
5415,Divine Secrets of the Ya-Ya Sisterhood (2002),Comedy|Drama
5416,Cherish (2002),Comedy|Drama|Thriller
5417,"Fast Runner, The (Atanarjuat) (2001)",Drama|Fantasy
5418,"Bourne Identity, The (2002)",Action|Mystery|Thriller
5419,Scooby-Doo (2002),Adventure|Children|Comedy|Fantasy|Mystery
5420,Windtalkers (2002),Action|Drama|War
5421,"Dangerous Lives of Altar Boys, The (2002)",Drama|Comedy
5422,"Emperor's New Clothes, The (2001)",Comedy|History
5423,Gangster No. 1 (2000),Action|Crime|Thriller
5424,Harvard Man (2001),Crime|Drama|Romance|Thriller
5425,Dark Blue World (Tmavomodr첵 svet) (2001),Drama|War
5427,Caveman (1981),Comedy|Fantasy
5428,Cheech & Chong's The Corsican Brothers (1984),Comedy
5433,Silver Bullet (Stephen King's Silver Bullet) (1985),Adventure|Drama|Horror|Mystery|Thriller
5434,"Sorry, Wrong Number (1948)",Drama|Film-Noir|Thriller
5435,Hombre (1967),Western|Action
5437,"Manhattan Project, The (1986)",Comedy|Sci-Fi|Thriller
5438,Men at Work (1990),Action|Comedy
5440,She Wore a Yellow Ribbon (1949),Western|War
5442,V. I. Warshawski (1991),Action|Comedy|Crime
5443,Juwanna Mann (2002),Comedy|Sports
5444,Lilo & Stitch (2002),Adventure|Animation|Children|Sci-Fi
5445,Minority Report (2002),Action|Crime|Mystery|Sci-Fi|Thriller
5446,Rabbit-Proof Fence (2002),Adventure|Drama
5447,Sunshine State (2002),Drama|Romance
5448,Hey Arnold! The Movie (2002),Adventure|Animation|Children|Comedy
5449,Mr. Deeds (2002),Comedy|Romance
5450,Lovely & Amazing (2001),Comedy|Drama|Romance
5451,Pumpkin (2002),Comedy|Drama|Romance
5452,Look Who's Talking Now (1993),Children|Comedy|Romance
5454,Mo' Money (1992),Comedy|Romance
5455,"Object of Beauty, The (1991)",Comedy|Drama
5456,Wagons East (1994),Comedy|Western
5458,Like Mike (2002),Children|Comedy|Fantasy
5459,Men in Black II (a.k.a. MIIB) (a.k.a. MIB 2) (2002),Action|Comedy|Sci-Fi
5460,"Powerpuff Girls, The (2002)",Action|Animation|Children|Comedy
5461,Me Without You (2001),Comedy|Drama
5462,"Crocodile Hunter: Collision Course, The (2002)",Adventure|Comedy
5463,Reign of Fire (2002),Action|Adventure|Fantasy
5464,Road to Perdition (2002),Crime|Drama
5465,All About Lily Chou-Chou (Riri Shushu no subete) (2001),Crime|Drama|Thriller
5466,My Wife is an Actress (Ma Femme est une Actrice) (2001),Comedy|Drama|Romance
5468,20 Million Miles to Earth (1957),Sci-Fi|Horror
5470,The Importance of Being Earnest (1952),Comedy|Romance
5471,Perfect (1985),Drama|Romance
5472,1776 (1972),Children|Drama|Musical
5475,Z (1969),Drama|Mystery|Thriller
5476,Halloween: Resurrection (Halloween 8) (2002),Horror|Thriller
5477,Sex and Lucia (Luc챠a y el sexo) (2001),Drama|Romance
5478,Eight Legged Freaks (2002),Action|Comedy|Horror|Sci-Fi
5479,K-19: The Widowmaker (2002),Action|Adventure|Drama|Thriller
5480,Stuart Little 2 (2002),Children|Comedy
5481,Austin Powers in Goldmember (2002),Comedy|Sci-Fi
5483,"Kid Stays in the Picture, The (2002)",Documentary|Drama
5485,Tadpole (2002),Comedy|Drama|Romance
5486,Who Is Cletis Tout? (2001),Comedy|Action
5489,Nosferatu the Vampyre (Nosferatu: Phantom der Nacht) (1979),Horror|Drama
5490,The Big Bus (1976),Action|Comedy
5493,In Like Flint (1967),Action|Adventure|Comedy
5497,Our Man Flint (1965),Adventure|Comedy|Sci-Fi
5498,Red Beard (Akahige) (1965),Drama
5499,Robin and Marian (1976),Adventure|Drama|Romance
5500,Top Secret! (1984),Comedy|Action
5501,"Master of Disguise, The (2002)",Comedy|Mystery
5502,Signs (2002),Horror|Sci-Fi|Thriller
5503,"Last Kiss, The (Ultimo bacio, L') (2001)",Comedy|Drama|Romance
5504,Spy Kids 2: The Island of Lost Dreams (2002),Adventure|Children
5505,"Good Girl, The (2002)",Comedy|Drama
5506,Blood Work (2002),Crime|Drama|Mystery|Thriller
5507,xXx (2002),Action|Crime|Thriller
5508,24 Hour Party People (2002),Comedy|Drama|Musical
5512,Secret Ballot (Raye makhfi) (2001),Comedy
5513,Martin Lawrence Live: Runteldat (2002),Comedy|Documentary
5515,Songs From the Second Floor (S책nger fr책n andra v책ningen) (2000),Drama|Comedy
5521,"Principal, The (1987)",Action|Crime|Drama
5522,Rollerball (1975),Action|Drama|Sci-Fi
5523,"Adventures of Pluto Nash, The (2002)",Action|Adventure|Comedy|Sci-Fi
5524,Blue Crush (2002),Adventure|Drama|Romance
5525,Mostly Martha (Bella Martha) (2001),Comedy|Drama|Romance
5527,Possession (2002),Drama|Romance
5528,One Hour Photo (2002),Drama|Thriller
5529,Serving Sara (2002),Comedy|Romance
5530,Simone (S1m0ne) (2002),Comedy|Drama|Fantasy|Sci-Fi
5531,Undisputed (2002),Drama|Action|Sports
5532,Amy's O (a.k.a. Amy's Orgasm) (2001),Comedy|Romance
5537,Satin Rouge (2002),Drama|Musical
5538,"Care Bears Movie, The (1985)",Animation|Children|Fantasy
5539,Care Bears Movie II: A New Generation (1986),Animation|Children
5540,Clash of the Titans (1981),Action|Adventure|Fantasy|Romance
5541,Hot Shots! (1991),Action|Comedy|Romance|War
5543,"Swarm, The (1978)",Action|Horror|Sci-Fi
5544,Time After Time (1979),Sci-Fi|Thriller
5548,Down and Out in Beverly Hills (1986),Comedy
5550,Love Me Tender (1956),Musical|Western
5553,Stakeout (1987),Comedy|Crime|Romance|Thriller
5556,FearDotCom (a.k.a. Fear.com) (a.k.a. Fear Dot Com) (2002),Crime|Horror|Thriller
5560,? nous la libert챕 (Freedom for Us) (1931),Comedy|Musical
5562,Snipes (2001),Drama|Thriller
5563,City by the Sea (2002),Crime|Drama
5564,Swimfan (2002),Thriller|Horror|Drama
5568,Johnny Dangerously (1984),Comedy|Crime
5569,"Last House on the Left, The (1972)",Crime|Horror|Thriller
5570,Thesis (Tesis) (1996),Drama|Horror|Thriller
5572,Barbershop (2002),Comedy|Drama
5573,Stealing Harvard (2002),Comedy|Crime
5574,"Transporter, The (2002)",Action|Crime
5575,Alias Betty (Betty Fisher et autres histoires) (2001),Crime|Drama
5577,Igby Goes Down (2002),Comedy|Drama
5580,Aspen Extreme (1993),Action|Sports
5581,Betsy's Wedding (1990),Comedy|Romance
5582,Captain Ron (1992),Adventure|Comedy
5584,Ernest Goes to Jail (1990),Comedy|Children
5585,Ernest Scared Stupid (1991),Comedy|Children|Horror
5588,"Hills Have Eyes, The (1977)",Horror
5589,Indian Summer (1993),Comedy|Drama
5590,"Mack, The (1973)",Crime|Drama
5591,Monkey Trouble (1994),Children|Comedy
5596,Spaced Invaders (1990),Adventure|Comedy|Sci-Fi
5597,Suburban Commando (1991),Comedy|Sci-Fi
5601,"Yearling, The (1946)",Children|Drama
5602,"Ladykillers, The (1955)",Comedy|Crime
5603,"Lavender Hill Mob, The (1951)",Comedy|Crime
5604,"Man in the White Suit, The (1951)",Comedy|Sci-Fi
5607,"Son of the Bride (Hijo de la novia, El) (2001)",Comedy|Drama
5608,"Das Experiment (Experiment, The) (2001)",Drama|Thriller
5609,Ballistic: Ecks vs. Sever (2002),Action|Thriller
5610,"Banger Sisters, The (2002)",Comedy|Drama
5611,"Four Feathers, The (2002)",Adventure|War
5612,Trapped (2002),Action|Thriller
5613,8 Women (2002),Comedy|Crime|Musical|Mystery
5614,"His Secret Life (a.k.a. Ignorant Fairies, The) (Fate ignoranti, Le) (2001)",Drama|Romance
5615,Invincible (2001),Drama|War
5617,Secretary (2002),Comedy|Drama|Romance
5618,Spirited Away (Sen to Chihiro no kamikakushi) (2001),Adventure|Animation|Fantasy
5619,"Trials of Henry Kissinger, The (2002)",Documentary|Drama
5620,Sweet Home Alabama (2002),Comedy|Romance
5621,"Tuxedo, The (2002)",Action|Comedy
5625,Moonlight Mile (2002),Drama|Romance
5628,Wasabi (2001),Action|Comedy|Crime|Drama|Thriller
5629,Jonah: A VeggieTales Movie (2002),Animation|Children|Musical
5630,Red Dragon (2002),Crime|Mystery|Thriller
5632,Bloody Sunday (2002),Drama|History|War
5633,Heaven (2002),Drama|Thriller|Romance
5635,"Man from Elysian Fields, The (2001)",Drama|Romance
5636,Welcome to Collinwood (2002),Comedy|Crime
5637,Flirting (1991),Drama|Romance
5638,Godzilla vs. Mothra (Mosura tai Gojira) (1964),Action|Adventure|Fantasy|Sci-Fi
5640,"Godzilla, King of the Monsters! (Kaij청-척 Gojira) (1956)",Horror|Sci-Fi
5643,Powaqqatsi (1988),Documentary
5644,"Pride of the Yankees, The (1942)",Drama|Sports
5646,Valmont (1989),Drama|Romance
5649,Horror of Dracula (Dracula) (1958),Horror|Fantasy
5650,Strange Brew (1983),Comedy|Indie
5651,"Incredible Mr. Limpet, The (1964)",Animation|Comedy|War
5657,Flashback (1990),Action|Adventure|Comedy|Crime|Drama
5663,Below (2002),Horror|War
5664,Brown Sugar (2002),Romance|Comedy
5665,Knockaround Guys (2002),Action|Comedy|Crime
5666,"Rules of Attraction, The (2002)",Comedy|Drama|Romance|Thriller
5667,Tuck Everlasting (2002),Drama|Fantasy
5668,White Oleander (2002),Drama
5669,Bowling for Columbine (2002),Documentary
5670,Comedian (2002),Comedy|Documentary
5672,Pokemon 4 Ever (a.k.a. Pok챕mon 4: The Movie) (2002),Adventure|Animation|Children|Fantasy
5673,Punch-Drunk Love (2002),Comedy|Drama|Romance
5675,Swept Away (2002),Comedy|Romance
5678,Formula 51 (2001),Action|Comedy|Crime|Thriller
5679,"Ring, The (2002)",Horror|Mystery|Thriller
5680,Auto Focus (2002),Crime|Drama
5682,"Grey Zone, The (2001)",Drama|War
5684,Naqoyqatsi (2002),Documentary|Musical
5685,Real Women Have Curves (2002),Comedy|Drama
5688,Tully (2000),Drama|Indie
5689,Billy Bathgate (1991),Crime|Drama
5690,Grave of the Fireflies (Hotaru no haka) (1988),Animation|Drama|War
5693,Saturday Night Fever (1977),Comedy|Drama|Romance
5694,Staying Alive (1983),Comedy|Drama|Musical
5696,Urban Cowboy (1980),Drama|Western|Romance
5699,Tom Horn (1980),Western|Action
5700,The Pumaman (1980),Action|Adventure|Fantasy|Sci-Fi
5704,Without Warning (a.k.a. Alien Warning) (a.k.a. It Came Without Warning) (1980),Horror|Sci-Fi
5706,...All the Marbles (1981),Comedy|Drama
5707,Absence of Malice (1981),Drama|Romance
5710,Banana Joe (1981),Comedy
5712,Blow Out (1981),Mystery|Thriller
5720,"Friend Is a Treasure, A (Chi Trova Un Amico, Trova un Tesoro) (Who Finds a Friend Finds a Treasure) (1981)",Action|Adventure|Comedy
5721,"Chosen, The (1981)",Drama
5723,Continental Divide (1981),Comedy|Romance
5733,"Eyewitness (Janitor, The) (1981)",Thriller|Mystery
5735,Faces of Death (1978),Documentary|Horror
5736,Faces of Death 3 (1985),Documentary|Horror
5741,"Woman Next Door, The (Femme d'횪 c척t챕, La) (1981)",Drama|Romance
5742,First Monday in October (1981),Comedy|Drama
5745,"Four Seasons, The (1981)",Comedy|Drama
5746,Galaxy of Terror (Quest) (1981),Action|Horror|Mystery|Sci-Fi
5747,Gallipoli (1981),Drama|War
5749,Ghost Story (1981),Drama|Horror
5752,Gregory's Girl (1981),Comedy|Romance
5755,Happy Birthday to Me (1981),Horror|Mystery
5764,Looker (1981),Drama|Horror|Sci-Fi|Thriller
5767,Teddy Bear (Mis) (1981),Comedy|Crime
5768,Modern Problems (1981),Comedy|Fantasy
5771,My Bloody Valentine (1981),Drama|Horror|Thriller
5772,My Dinner with Andr챕 (1981),Drama|Comedy
5773,Neighbors (1981),Comedy|Drama
5779,Piranha II: The Spawning (1981),Horror|Sci-Fi
5780,Polyester (1981),Comedy|Indie
5782,"Professional, The (Le professionnel) (1981)",Action|Drama|Thriller
5784,Ghost Ship (2002),Horror
5785,Jackass: The Movie (2002),Action|Comedy|Documentary
5786,Paid in Full (2002),Action|Drama
5787,"Truth About Charlie, The (2002)",Mystery|Thriller
5788,All or Nothing (2002),Drama|Comedy
5791,Frida (2002),Drama|Romance
5792,Roger Dodger (2002),Comedy|Drama
5796,Casino Royale (1967),Action|Adventure|Comedy
5797,"Company of Wolves, The (1984)",Fantasy|Horror
5799,Exodus (1960),Drama|Romance|War
5801,"Russians Are Coming, the Russians Are Coming, The (1966)",Comedy|War
5802,"World of Henry Orient, The (1964)",Comedy|Drama
5803,I Spy (2002),Action|Adventure|Comedy|Crime
5804,"Santa Clause 2, The (2002)",Children|Comedy|Fantasy|Romance
5809,Femme Fatale (2002),Crime|Thriller
5810,8 Mile (2002),Drama|Musical
5812,Far from Heaven (2002),Drama|Romance
5816,Harry Potter and the Chamber of Secrets (2002),Adventure|Fantasy
5817,Ararat (2002),Drama|War
5818,"Crime of Father Amaro, The (Crimen del padre Amaro, El) (2002)",Drama|Romance
5820,Standing in the Shadows of Motown (2002),Documentary|Musical
5826,Rio Grande (1950),Romance|Western
5828,Blackrock (1997),Drama|Thriller
5829,Men with Brooms (2002),Comedy|Drama|Romance
5833,Dog Soldiers (2002),Action|Horror
5836,Houseboat (1958),Comedy|Romance
5838,Madame Bovary (1991),Drama|Romance
5839,My Father's Glory (La gloire de mon p챔re) (1990),Adventure|Drama
5840,"My Mother's Castle (Ch창teau de ma m챔re, Le) (1990)",Comedy|Drama
5841,Return to the Blue Lagoon (1991),Adventure|Romance
5843,Toy Soldiers (1991),Action|Drama
5847,Ragtime (1981),Drama
5849,I'm Starting From Three (Ricomincio da Tre) (1981),Comedy|Drama
5853,Scanners (1981),Horror|Sci-Fi|Thriller
5856,"Do You Remember Dolly Bell? (Sjecas li se, Dolly Bell) (1981)",Comedy|Drama|Romance
5863,Take This Job and Shove It (1981),Comedy|Indie
5867,Thief (1981),Crime|Drama|Thriller
5872,Die Another Day (2002),Action|Adventure|Thriller
5873,The Emperor's Club (2002),Drama
5874,Friday After Next (2002),Comedy|Drama
5875,Personal Velocity (2002),Drama
5876,"Quiet American, The (2002)",Drama|Thriller|War
5878,Talk to Her (Hable con Ella) (2002),Drama|Romance
5879,Eight Crazy Nights (Adam Sandler's Eight Crazy Nights) (2002),Animation|Comedy|Musical
5880,Extreme Ops (2002),Action|Adventure|Crime|Thriller
5881,Solaris (2002),Drama|Romance|Sci-Fi
5882,Treasure Planet (2002),Adventure|Animation|Children|Sci-Fi|IMAX
5883,They (2002),Horror|Thriller
5884,Chopper Chicks in Zombietown (1989),Comedy|Horror
5888,Brother (Brat) (1997),Crime|Drama
5889,"Cruel Romance, A (Zhestokij Romans) (1984)",Drama|Romance
5890,Elling (2001),Comedy|Drama
5891,I Spit on Your Grave (Day of the Woman) (1978),Horror|Thriller
5893,"Last Seduction, The (1994)",Crime|Drama|Thriller
5896,New Waterford Girl (1999),Comedy
5899,Zulu (1964),Action|Drama|War
5900,Analyze That (2002),Comedy|Crime
5901,Empire (2002),Crime|Drama
5902,Adaptation (2002),Comedy|Drama|Romance
5903,Equilibrium (2002),Action|Sci-Fi|Thriller
5909,Visitor Q (Bizita Q) (2001),Comedy|Drama|Horror
5912,Hit the Bank (Vabank) (1981),Comedy|Crime
5915,Victory (a.k.a. Escape to Victory) (1981),Action|Drama|War
5919,Android (1982),Sci-Fi|Thriller
5922,Attila (Attila Flagello di Dio) (1982),Action|History
5925,"Beast Within, The (1982)",Horror|Drama
5927,"Best Little Whorehouse in Texas, The (1982)",Comedy|Drama|Musical|Romance
5929,"Party 2, The (Boum 2, La) (1982)",Comedy|Romance
5932,Burden of Dreams (1982),Documentary
5938,Deathtrap (1982),Comedy|Crime|Mystery|Thriller
5941,Drumline (2002),Comedy|Drama|Musical|Romance
5942,"Hot Chick, The (2002)",Comedy|Romance
5943,Maid in Manhattan (2002),Comedy|Romance
5944,Star Trek: Nemesis (2002),Action|Drama|Sci-Fi|Thriller
5945,About Schmidt (2002),Comedy|Drama
5947,Evelyn (2002),Drama|Family
5949,Intact (Intacto) (2001),Thriller|Fantasy
5951,Morvern Callar (2002),Drama|Indie
5952,"Lord of the Rings: The Two Towers, The (2002)",Adventure|Fantasy
5953,Devils on the Doorstep (Guizi lai le) (2000),Drama|War
5954,25th Hour (2002),Crime|Drama
5955,Antwone Fisher (2002),Drama|Documentary
5956,Gangs of New York (2002),Crime|Drama
5957,Two Weeks Notice (2002),Comedy|Romance
5959,Narc (2002),Crime|Drama|Thriller
5961,Blue Steel (1990),Action|Thriller
5962,Body of Evidence (1993),Drama|Thriller
5963,"Children's Hour, The (1961)",Drama|Romance
5965,"Duellists, The (1977)",Action|War
5968,Miami Blues (1990),Comedy|Crime|Drama
5969,My Girl 2 (1994),Comedy|Drama|Romance
5970,My Girl (1991),Comedy|Drama|Romance
5971,My Neighbor Totoro (Tonari no Totoro) (1988),Animation|Children|Drama|Fantasy
5974,"Thief of Bagdad, The (1940)",Adventure|Fantasy
5975,War and Peace (1956),Drama|Romance|War
5979,Attack of the Crab Monsters (1957),Horror|Sci-Fi
5980,Black Christmas (1974),Horror|Mystery|Thriller
5984,"Story of O, The (Histoire d'O) (1975)",Drama|Romance
5986,Fat City (1972),Drama|Sports
5988,Quicksilver (1986),Thriller|Crime
5989,Catch Me If You Can (2002),Crime|Drama
5990,Pinocchio (2002),Children|Comedy|Fantasy
5991,Chicago (2002),Comedy|Crime|Drama|Musical
5992,"Hours, The (2002)",Drama|Romance
5993,Max (2002),Drama|War
5994,Nicholas Nickleby (2002),Drama|Romance
5995,"Pianist, The (2002)",Drama|War
5999,Heavy Metal 2000 (2000),Action|Adventure|Animation|Fantasy|Sci-Fi
6001,"King of Comedy, The (1983)",Comedy|Drama
6002,Love Liza (2002),Drama|Comedy
6003,Confessions of a Dangerous Mind (2002),Comedy|Crime|Drama|Thriller
6005,Blue Collar Comedy Tour: The Movie (2003),Comedy|Documentary
6006,Just Married (2003),Comedy|Romance
6009,"City of Lost Souls, The (Hy척ryuu-gai) (2000)",Crime|Drama|Thriller
6012,"Guy Thing, A (2003)",Comedy|Romance
6013,Kangaroo Jack (2003),Action|Comedy
6014,National Security (2003),Action|Comedy
6016,City of God (Cidade de Deus) (2002),Action|Adventure|Crime|Drama|Thriller
6020,Alice Adams (1935),Comedy|Drama
6021,"American Friend, The (Amerikanische Freund, Der) (1977)",Crime|Drama|Mystery|Thriller
6022,American Me (1992),Drama|Crime|Thriller
6023,Band of Outsiders (Bande 횪 part) (1964),Comedy|Crime|Drama|Romance
6025,CB4 - The Movie (1993),Comedy|Musical
6027,Dogfight (1991),Drama|Romance
6030,Girls! Girls! Girls! (1962),Comedy|Musical
6031,Imitation of Life (1959),Drama|Romance
6033,Mystery Date (1991),Comedy|Romance
6035,P챕p챕 le Moko (1937),Crime|Drama|Romance
6036,Secret Admirer (1985),Comedy|Romance
6039,"Woman in Red, The (1984)",Comedy|Romance
6040,Darkness Falls (2003),Horror|Thriller
6041,Amen. (2002),Drama|War|Crime
6042,Blind Spot: Hitler's Secretary (Im toten Winkel - Hitlers Sekret채rin) (2002),Documentary
6044,Blind Date (1984),Horror|Thriller
6049,Ethan Frome (1993),Drama|Romance
6051,"Harder They Come, The (1973)",Action|Crime|Drama
6055,Sugar Hill (1994),Drama|Thriller|Action
6057,Biker Boyz (2003),Action|Crime|Drama
6058,Final Destination 2 (2003),Horror|Thriller
6059,"Recruit, The (2003)",Action|Thriller
6060,"Guru, The (2002)",Comedy|Romance
6062,Lost in La Mancha (2002),Documentary
6063,May (2002),Drama|Horror
6064,"Harder They Fall, The (1956)",Drama|Film-Noir
6067,Ordinary Decent Criminal (2000),Comedy|Crime
6070,Tokyo Decadence (Top창zu) (1992),Drama
6078,Firefox (1982),Action|Sci-Fi|Thriller
6086,"I, the Jury (1982)",Crime|Drama|Thriller
6090,Kiss Me Goodbye (1982),Comedy|Romance
6093,"Last Unicorn, The (1982)",Animation|Children|Fantasy
6095,Dragon Lord (a.k.a. Dragon Strike) (Long Xiao Ye) (1982),Action
6100,"Midsummer Night's Sex Comedy, A (1982)",Comedy|Romance
6101,Missing (1982),Drama|Mystery|Thriller
6104,Monty Python Live at the Hollywood Bowl (1982),Comedy|Documentary
6107,"Night of the Shooting Stars (Notte di San Lorenzo, La) (1982)",Drama|War
6111,Paradise (1982),Adventure|Romance
6116,"Pirate Movie, The (1982)",Adventure|Comedy|Musical
6119,Santa Claus Is a Stinker (Le P챔re No챘l est une ordure) (1982),Comedy
6122,Richard Pryor Live on the Sunset Strip (1982),Comedy|Documentary
6123,Sunless (Sans Soleil) (1983),Documentary|Drama
6124,Savannah Smiles (1982),Comedy|Children
6125,"Secret Policeman's Other Ball, The (1982)",Comedy|Documentary|Musical
6140,Tenebre (1982),Horror|Mystery|Thriller
6141,They Call Me Bruce? (a.k.a. A Fistful of Chopsticks) (1982),Comedy
6143,Trail of the Pink Panther (1982),Comedy|Crime
6145,Venom (1982),Horror|Thriller
6148,White Dog (1982),Drama|Horror|Thriller
6153,Zapped! (1982),Comedy|Sci-Fi
6155,How to Lose a Guy in 10 Days (2003),Comedy|Romance
6156,Shanghai Knights (2003),Action|Adventure|Comedy
6157,Daredevil (2003),Action|Crime
6158,"Jungle Book 2, The (2003)",Animation|Children
6159,All the Real Girls (2003),Drama|Romance
6162,Gerry (2002),Adventure|Drama
6163,He Loves Me... He Loves Me Not (? la folie... pas du tout) (2002),Romance|Thriller
6166,Dennis the Menace (1993),Comedy|Children
6169,"Black Stallion Returns, The (1983)",Adventure|Children
6170,"Black Stallion, The (1979)",Adventure|Children|Drama
6178,"Patch of Blue, A (1965)",Drama|Romance
6181,"Red Badge of Courage, The (1951)",Drama|War
6182,"Thrill of It All, The (1963)",Comedy|Romance
6183,Pillow Talk (1959),Comedy|Musical|Romance
6184,"Man Who Fell to Earth, The (1976)",Drama|Sci-Fi
6185,Dark Blue (2003),Action|Crime|Drama|Thriller
6186,Gods and Generals (2003),Action|Drama|War
6187,"Life of David Gale, The (2003)",Crime|Drama|Thriller
6188,Old School (2003),Comedy
6192,Open Hearts (Elsker dig for evigt) (2002),Romance|Drama
6193,Poolhall Junkies (2002),Comedy|Drama|Thriller
6195,Stone Reader (2002),Documentary|Drama
6196,Cradle 2 the Grave (2003),Action|Crime|Drama|Thriller
6197,Spider (2002),Drama|Mystery
6201,Lady Jane (1986),Drama|Romance
6202,Late Marriage (Hatuna Meuheret) (2001),Comedy|Drama|Romance
6203,Life Stinks (1991),Comedy|Drama
6204,"Meteor Man, The (1993)",Comedy|Action
6210,Volcano High (Whasango) (2001),Action|Comedy
6212,Bringing Down the House (2003),Comedy|Drama
6213,Tears of the Sun (2003),Action|Drama|Thriller
6214,Irreversible (Irr챕versible) (2002),Crime|Drama|Mystery|Thriller
6215,Laurel Canyon (2002),Drama|Musical
6216,Nowhere in Africa (Nirgendwo in Afrika) (2001),Drama
6217,"Safety of Objects, The (2001)",Drama|Indie
6218,Bend It Like Beckham (2002),Comedy|Drama|Romance
6219,"Hunted, The (2003)",Action|Drama|Thriller
6220,Willard (2003),Drama|Horror|Thriller
6222,Prozac Nation (2001),Drama
6223,Spun (2001),Comedy|Crime|Drama
6225,King of Kings (1961),Drama|History
6228,"Talk of the Town, The (1942)",Comedy|Romance|Thriller
6232,Born Free (1966),Adventure|Children|Drama
6234,Equus (1977),Drama|Mystery
6235,Europa Europa (Hitlerjunge Salomon) (1990),Drama|War
6237,"Glenn Miller Story, The (1953)",Drama|Musical|Romance
6238,Green Card (1990),Comedy|Drama|Romance
6239,Journey to the Center of the Earth (1959),Adventure|Children|Sci-Fi
6241,Pauline at the Beach (Pauline 횪 la Plage) (1983),Comedy|Drama|Romance
6242,Ringu (Ring) (1998),Horror|Mystery|Thriller
6244,Salaam Bombay! (1988),Drama|Crime
6245,Sweet Charity (1969),Comedy|Drama|Musical|Romance
6246,Talent for the Game (1991),Drama|Sports|Comedy
6249,Boat Trip (2003),Comedy|Romance
6250,Dreamcatcher (2003),Drama|Horror|Sci-Fi|Thriller
6251,Piglet's Big Movie (2003),Animation|Children
6252,View from the Top (2003),Comedy|Romance
6254,"Awful Truth, The (1937)",Comedy|Romance
6263,Basic (2003),Drama|Thriller|War
6264,"Core, The (2003)",Action|Drama|Sci-Fi|Thriller
6265,Head of State (2003),Comedy|Drama
6266,What a Girl Wants (2003),Comedy|Drama|Romance
6267,Assassination Tango (2002),Drama|Thriller
6268,Raising Victor Vargas (2002),Comedy|Drama|Romance
6269,Stevie (2002),Documentary|Drama
6270,Akira Kurosawa's Dreams (Dreams) (1990),Drama|Fantasy
6271,Day for Night (La Nuit Am챕ricaine) (1973),Comedy|Drama|Romance
6273,In a Lonely Place (1950),Drama|Film-Noir|Mystery|Romance
6279,"Good Thief, The (2002)",Crime|Drama
6280,"Man Apart, A (2003)",Action|Crime|Drama|Thriller
6281,Phone Booth (2002),Drama|Thriller
6283,Cowboy Bebop: The Movie (Cowboy Bebop: Tengoku no Tobira) (2001),Action|Animation|Sci-Fi|Thriller
6285,Levity (2003),Drama|Crime|Thriller
6286,"Man Without a Past, The (Mies vailla menneisyytt채) (2002)",Comedy|Crime|Drama
6287,Anger Management (2003),Comedy|Drama
6288,Better Luck Tomorrow (2002),Crime|Drama
6289,Ghosts of the Abyss (2003),Documentary|IMAX
6290,House of 1000 Corpses (2003),Horror|Comedy
6291,Lilya 4-Ever (Lilja 4-ever) (2002),Crime|Drama
6294,Bulletproof Monk (2003),Action|Adventure|Sci-Fi
6295,Chasing Papi (a.k.a. Papi Chulo) (2003),Comedy
6296,"Mighty Wind, A (2003)",Comedy|Musical
6297,Holes (2003),Adventure|Children|Comedy|Mystery
6298,Malibu's Most Wanted (2003),Comedy|Crime
6299,"Winged Migration (Peuple migrateur, Le) (2001)",Documentary|Indie
6300,Flickering Lights (Blinkende lygter) (2000),Action|Comedy|Crime
6301,Straw Dogs (1971),Drama|Thriller
6302,Beginning of the End (1957),Sci-Fi|Horror
6303,"Andromeda Strain, The (1971)",Mystery|Sci-Fi
6305,Fahrenheit 451 (1966),Drama|Sci-Fi
6306,I Am Trying to Break Your Heart (2002),Documentary|Indie
6308,Legal Eagles (1986),Comedy|Crime|Romance
6310,Memories of Me (1988),Comedy|Drama
6313,Sibling Rivalry (1990),Comedy|Drama
6314,Undercover Blues (1993),Comedy|Crime
6315,Wildcats (1986),Comedy|Sports
6316,"Wiz, The (1978)",Adventure|Children|Comedy|Fantasy|Musical
6319,"My Father the Hero (Mon p챔re, ce h챕ros.) (1991)",Comedy|Drama
6320,Scenes from a Mall (1991),Comedy|Drama
6322,Confidence (2003),Crime|Thriller
6323,Identity (2003),Crime|Horror|Mystery|Thriller
6324,It Runs in the Family (2003),Comedy|Drama
6327,"Decade Under the Influence, A (2003)",Documentary|Indie
6329,Manic (2001),Drama|Comedy
6330,People I Know (2002),Crime|Drama
6331,Spellbound (2002),Documentary|Thriller
6332,"Lizzie McGuire Movie, The (2003)",Children|Comedy|Romance
6333,X2: X-Men United (2003),Action|Adventure|Sci-Fi|Thriller
6334,Blue Car (2002),Drama
6335,"Dancer Upstairs, The (2002)",Crime|Drama|Thriller
6336,Marooned in Iraq (Gomgashtei dar Aragh) (2002),Drama|War
6337,Owning Mahowny (2003),Crime|Drama|Thriller
6338,Daddy Day Care (2003),Children|Comedy
6339,"Man on the Train (Homme du train, L') (2002)",Comedy|Drama
6341,"Shape of Things, The (2003)",Drama|Romance|Comedy
6342,"Trip, The (2002)",Comedy|Drama|Romance
6344,101 Reykjavik (101 Reykjav챠k) (2000),Comedy|Drama|Romance
6345,"Chorus Line, A (1985)",Comedy|Drama|Musical
6347,Beat Street (1984),Drama|Musical
6348,Breakin' 2: Electric Boogaloo (1984),Musical
6349,Breakin' (1984),Drama|Musical
6350,Laputa: Castle in the Sky (Tenk청 no shiro Rapyuta) (1986),Action|Adventure|Animation|Children|Fantasy|Sci-Fi
6357,High Society (1956),Comedy|Musical|Romance
6358,Kiss Me Kate (1953),Comedy|Musical|Romance
6365,"Matrix Reloaded, The (2003)",Action|Adventure|Sci-Fi|Thriller|IMAX
6367,Down with Love (2003),Comedy|Romance
6368,Cinemania (2002),Documentary
6370,"Spanish Apartment, The (L'auberge espagnole) (2002)",Comedy|Drama|Romance
6371,Pok챕mon Heroes (2003),Animation|Children
6373,Bruce Almighty (2003),Comedy|Drama|Fantasy|Romance
6374,"In-Laws, The (2003)",Comedy|Action
6375,Gigantic (A Tale of Two Johns) (2002),Documentary
6376,Respiro (2002),Comedy|Drama
6377,Finding Nemo (2003),Adventure|Animation|Children|Comedy
6378,"Italian Job, The (2003)",Action|Crime
6379,Wrong Turn (2003),Horror|Thriller
6380,Capturing the Friedmans (2003),Documentary
6382,Together (Han ni Zai Yi Qi) (2002),Drama|Musical
6383,"2 Fast 2 Furious (Fast and the Furious 2, The) (2003)",Action|Crime|Thriller
6385,Whale Rider (2002),Drama|Family|Adventure
6386,Nevada Smith (1966),Western|Action
6387,Once a Thief (Zong heng si hai) (1991),Action|Comedy|Crime|Thriller
6390,Silk Stockings (1957),Musical|Comedy
6395,"Crazies, The (a.k.a. Code Name: Trixie) (1973)",Action|Drama|Horror|Sci-Fi|Thriller
6400,Murder on a Sunday Morning (Un coupable id챕al) (2001),Documentary
6402,Siam Sunset (1999),Comedy|Adventure
6405,Treasure Island (1950),Adventure|Children
6407,"Walk, Don't Run (1966)",Comedy|Romance
6408,Animals are Beautiful People (1974),Comedy|Documentary
6410,Car Wash (1976),Comedy|Musical
6412,Destry Rides Again (1939),Comedy|Western
6415,Intervista (1987),Comedy|Drama
6417,Live Wire (1992),Action|Thriller
6422,Shenandoah (1965),Drama|War|Western
6424,Oscar (1991),Comedy|Crime|Mystery|Romance
6425,"6th Man, The (Sixth Man, The) (1997)",Comedy|Sports
6427,"Railway Children, The (1970)",Children|Drama
6428,Two Mules for Sister Sara (1970),Comedy|War|Western
6429,Winchester '73 (1950),Western|Action
6433,"Man with the Movie Camera, The (Chelovek s kino-apparatom) (1929)",Documentary
6434,"Objective, Burma! (1945)",War|Action
6436,This Boy's Life (1993),Drama
6440,Barton Fink (1991),Drama|Thriller
6442,Belle 챕poque (1992),Comedy|Romance
6448,"Flight of the Phoenix, The (1965)",Action|Adventure|Drama
6449,From the Terrace (1960),Drama|Romance
6452,"Long, Hot Summer, The (1958)",Drama
6453,Man of Aran (1934),Documentary|Drama
6454,Music Box (1989),Drama|Thriller|Crime
6460,"Trial, The (Proc챔s, Le) (1962)",Drama|Thriller
6461,"Unforgiven, The (1960)",Drama|Western
6464,Good Burger (1997),Children|Comedy
6465,Jubilee (1977),Drama|History
6466,Mississippi Masala (1991),Drama|Romance
6476,Shattered (1991),Mystery|Thriller
6477,"Song of Bernadette, The (1943)",Drama
6480,Thoroughly Modern Millie (1967),Comedy|Musical
6482,Dumb and Dumberer: When Harry Met Lloyd (2003),Comedy|Slapstick
6483,From Justin to Kelly (2003),Musical|Romance
6484,Hollywood Homicide (2003),Action|Crime|Drama
6493,Alex and Emma (2003),Comedy|Drama|Romance
6502,28 Days Later (2002),Action|Horror|Sci-Fi
6503,Charlie's Angels: Full Throttle (2003),Action|Adventure|Comedy|Crime|Thriller
6506,Fulltime Killer (Chuen jik sat sau) (2001),Action|Thriller
6509,Ali: Fear Eats the Soul (Angst essen Seele auf) (1974),Drama|Romance
6510,"Bodies, Rest & Motion (1993)",Drama|Romance
6514,Ring of Terror (1962),Horror|Drama
6515,You Only Live Once (1937),Crime|Film-Noir
6516,Anastasia (1956),Drama|Romance
6517,"Babe, The (1992)",Drama|Sports
6523,Mr. Baseball (1992),Comedy|Romance
6527,Scaramouche (1952),Adventure|Romance
6528,Start the Revolution Without Me (1970),Comedy|History
6530,"Tenant, The (Locataire, Le) (1976)",Drama|Horror|Mystery|Thriller
6533,"What's Up, Doc? (1972)",Comedy|Romance
6534,Hulk (2003),Action|Adventure|Sci-Fi
6535,"Legally Blonde 2: Red, White & Blonde (2003)",Comedy|Romance
6536,Sinbad: Legend of the Seven Seas (2003),Adventure|Animation|Children|Fantasy
6537,Terminator 3: Rise of the Machines (2003),Action|Adventure|Sci-Fi
6538,Swimming Pool (2003),Drama|Mystery|Thriller
6539,Pirates of the Caribbean: The Curse of the Black Pearl (2003),Action|Adventure|Comedy|Fantasy
6541,"League of Extraordinary Gentlemen, The (a.k.a. LXG) (2003)",Action|Fantasy|Sci-Fi
6542,"Cuckoo, The (Kukushka) (2002)",Comedy|Drama|War
6545,I Capture the Castle (2003),Drama|Romance
6547,Northfork (2003),Drama|Fantasy
6548,Bad Boys II (2003),Action|Comedy|Crime|Thriller
6549,How to Deal (2003),Comedy|Drama|Romance
6550,Johnny English (2003),Action|Comedy|Thriller
6551,"Anarchist Cookbook, The (2002)",Comedy|Romance
6552,Dirty Pretty Things (2002),Crime|Drama|Thriller
6553,"Embalmer, The (Imbalsamatore, L') (2002)",Drama|Romance
6554,Garage Days (2002),Comedy|Musical
6557,Born to Be Wild (1995),Adventure|Children|Comedy|Drama
6558,Curly Sue (1991),Comedy|Drama
6559,Little Giants (1994),Children|Comedy
6560,Loose Cannons (1990),Action|Comedy
6561,"Mouse That Roared, The (1959)",Comedy|War
6563,Masked & Anonymous (2003),Comedy|Drama
6564,Lara Croft Tomb Raider: The Cradle of Life (2003),Action|Adventure|Comedy|Romance|Thriller
6565,Seabiscuit (2003),Drama|Sports|Documentary
6566,Spy Kids 3-D: Game Over (2003),Action|Adventure|Children
6567,Buffalo Soldiers (2001),Comedy|Crime|Drama|War
6568,Camp (2003),Comedy|Musical
6571,"Mondays in the Sun (Lunes al sol, Los) (2002)",Drama|Comedy
6572,Scorched (2003),Comedy|Crime
6573,Avanti! (1972),Comedy|Drama
6574,Eve of Destruction (1991),Action|Sci-Fi|Thriller
6577,Kickboxer 2: The Road Back (1991),Action|Drama
6578,"Kiss Me, Stupid (1964)",Comedy|Romance
6579,"One, Two, Three (1961)",Comedy|Drama
6581,"Private Life of Sherlock Holmes, The (1970)",Comedy|Drama|Mystery
6582,Remo Williams: The Adventure Begins (1985),Action|Comedy|Crime|Thriller
6583,"Blood of Heroes, The (Salute of the Jugger, The) (1989)",Action|Sci-Fi
6584,"What's Up, Tiger Lily? (1966)",Adventure|Comedy|Crime|Thriller
6586,American Wedding (American Pie 3) (2003),Comedy|Romance
6587,Gigli (2003),Comedy|Crime|Romance
6588,And Now... Ladies and Gentlemen... (2002),Romance|Thriller
6591,"Magdalene Sisters, The (2002)",Drama
6592,"Secret Lives of Dentists, The (2002)",Drama|Indie
6593,Freaky Friday (2003),Children|Comedy|Fantasy
6595,S.W.A.T. (2003),Action|Thriller
6596,"Divorce, Le (2003)",Comedy|Drama|Romance
6597,"Princess Blade, The (Shura Yukihime) (2001)",Action|Sci-Fi
6598,Step Into Liquid (2002),Documentary
6603,"Double Life, A (1947)",Crime|Drama|Film-Noir
6604,Hawks and Sparrows (Uccellacci e Uccellini) (1966),Comedy|Fantasy
6609,"Gospel According to St. Matthew, The (Vangelo secondo Matteo, Il) (1964)",Drama|History
6611,Umberto D. (1952),Drama
6612,Brother's Keeper (1992),Documentary|Thriller
6614,I Love You to Death (1990),Comedy|Crime
6615,Freddy vs. Jason (2003),Action|Horror|Thriller
6616,Grind (2003),Action|Comedy
6617,Open Range (2003),Western|Action
6618,Shaolin Soccer (Siu lam juk kau) (2001),Action|Comedy
6619,Uptown Girls (2003),Comedy|Romance
6620,American Splendor (2003),Comedy|Drama
6624,Agent Cody Banks (2003),Action|Adventure|Children|Fantasy
6625,Camp Nowhere (1994),Adventure|Children|Comedy
6628,Hot Dog... The Movie (1984),Comedy|Sports
6629,House of Wax (1953),Crime|Horror|Mystery|Thriller
6631,Man's Best Friend (1993),Horror|Sci-Fi|Thriller
6636,"Sure Thing, The (1985)",Comedy|Romance
6638,Valley Girl (1983),Comedy|Romance
6639,Wait Until Dark (1967),Drama|Thriller
6643,Tokyo Story (T척ky척 monogatari) (1953),Drama
6644,"Green Ray, The (Rayon vert, Le) (1986)",Drama|Romance
6645,THX 1138 (1971),Action|Adventure|Drama|Sci-Fi
6650,Kind Hearts and Coronets (1949),Comedy|Drama
6654,Atragon (Kaitei Gunkan) (1963),Adventure|Sci-Fi
6656,Attack of the Puppet People (1958),Horror|Sci-Fi
6658,10 (1979),Comedy|Romance
6659,Tremors (1990),Comedy|Horror|Sci-Fi
6660,"Red Shoes, The (1948)",Drama|Fantasy|Musical|Romance
6662,"Pink Panther, The (1963)",Comedy|Crime
6663,"Pink Panther Strikes Again, The (1976)",Comedy|Crime
6664,Commando (1985),Action|Adventure
6665,Dracula (1979),Horror|Romance
6666,"Discreet Charm of the Bourgeoisie, The (Charme discret de la bourgeoisie, Le) (1972)",Comedy|Drama|Fantasy
6667,Waco: The Rules of Engagement (1997),Documentary|History
6668,"Road Home, The (Wo de fu qin mu qin) (1999)",Drama|Romance
6669,Ikiru (1952),Drama
6670,Comic Book Villains (2002),Comedy
6671,"Angel at My Table, An (1990)",Drama|Comedy
6678,"Handmaid's Tale, The (1990)",Drama|Sci-Fi
6679,Revolution OS (2001),Documentary|Indie
6684,Death in Venice (Morte a Venezia) (1971),Drama|Romance
6686,"Medallion, The (2003)",Action|Comedy|Crime|Fantasy
6687,My Boss's Daughter (2003),Comedy|Romance
6688,Autumn Spring (Bab챠 l챕to) (2001),Comedy|Drama
6689,"Battle of Shaker Heights, The (2003)",Comedy|Drama|Romance
6691,Dust (2001),Drama|Western
6692,Stoked: The Rise and Fall of Gator (2002),Documentary|Sports
6695,Jeepers Creepers 2 (2003),Horror|Thriller
6696,Bollywood/Hollywood (2002),Comedy|Drama|Musical|Romance
6699,Once Upon a Time in the Midlands (2002),Drama|Comedy|Romance
6702,Dickie Roberts: Former Child Star (2003),Comedy|Slapstick
6705,Party Monster (2003),Comedy|Crime|Drama|Thriller
6706,Taking Sides (2001),Drama|War|Thriller
6707,Cabin Fever (2002),Horror|Thriller
6708,Matchstick Men (2003),Comedy|Crime|Drama
6709,Once Upon a Time in Mexico (2003),Action|Adventure|Crime|Thriller
6710,Dummy (2002),Comedy|Drama|Romance
6711,Lost in Translation (2003),Comedy|Drama|Romance
6713,Millennium Actress (Sennen joy청) (2001),Animation|Drama|Romance
6715,Children of the Night (1991),Horror|Comedy
6718,Gotcha! (1985),Comedy|Action
6720,Kuffs (1992),Action|Comedy|Crime
6721,Once Upon a Time in China (Wong Fei Hung) (1991),Action|Adventure|Drama
6722,Once Upon a Time in China II (Wong Fei-hung Ji Yi: Naam yi dong ji keung) (1992),Action|Romance
6723,Once Upon a Time in China III (Wong Fei-hung tsi sam: Siwong tsangba) (1993),Action
6724,Paper Moon (1973),Comedy|Crime|Drama
6731,Day of the Dead (1985),Horror|Sci-Fi|Thriller
6732,"Hello, Dolly! (1969)",Comedy|Musical|Romance
6734,Memoirs of an Invisible Man (1992),Comedy|Romance|Sci-Fi|Thriller
6744,Once Bitten (1985),Comedy|Horror
6746,Squirm (1976),Horror|Romance
6748,"Brood, The (1979)",Horror|Sci-Fi
6750,Anything Else (2003),Comedy|Drama|Romance
6751,Cold Creek Manor (2003),Drama|Thriller
6752,"Fighting Temptations, The (2003)",Drama|Comedy|Musical
6753,Secondhand Lions (2003),Children|Comedy|Drama
6754,Underworld (2003),Action|Fantasy|Horror
6755,Bubba Ho-tep (2002),Comedy|Horror
6760,In This World (2002),Adventure|Drama
6763,Duplex (2003),Comedy|Crime
6764,"Rundown, The (2003)",Action|Adventure|Comedy
6765,Under the Tuscan Sun (2003),Comedy|Drama|Romance
6768,Luther (2003),Drama|Thriller
6769,Mambo Italiano (2003),Comedy|Drama|Romance
6770,My Life Without Me (2003),Drama|Romance
6772,To Be and to Have (횎tre et avoir) (2002),Documentary
6773,"Triplets of Belleville, The (Les triplettes de Belleville) (2003)",Animation|Comedy|Fantasy
6774,Videodrome (1983),Fantasy|Horror|Sci-Fi|Thriller
6775,Life and Debt (2001),Documentary
6776,Lagaan: Once Upon a Time in India (2001),Comedy|Drama|Musical|Romance
6777,Judgment at Nuremberg (1961),Drama|War
6780,"Brief History of Time, A (1991)",Documentary
6782,Leningrad Cowboys Go America (1989),Comedy|Musical
6783,"Rules of the Game, The (La r챔gle du jeu) (1939)",Comedy|Drama
6785,Seven Brides for Seven Brothers (1954),Comedy|Musical|Romance|Western
6786,Kiss of the Spider Woman (1985),Drama|Thriller|Romance
6787,All the President's Men (1976),Drama|Thriller
6788,Angie (1994),Comedy|Drama|Romance
6789,"Apartment, The (Appartement, L') (1996)",Drama|Mystery|Romance
6790,Avalon (2001),Drama|Fantasy|Sci-Fi
6791,Babette's Feast (Babettes g챈stebud) (1987),Drama|Comedy|Romance
6793,Beethoven (1992),Children|Comedy|Drama
6794,Beethoven's 2nd (1993),Children|Comedy
6796,Boyz N the Hood (1991),Crime|Drama
6797,Bugsy (1991),Crime|Drama
6798,Bugsy Malone (1976),Children|Comedy|Crime|Musical
6800,Cobra (1986),Action|Crime
6803,Phenomena (a.k.a. Creepers) (1985),Horror|Mystery|Thriller
6804,Crimewave (1985),Comedy|Crime
6807,Monty Python's The Meaning of Life (1983),Comedy|Musical
6808,Where Eagles Dare (1968),Action|Adventure|War
6809,Tightrope (1984),Thriller|Crime
6810,Sleeping with the Enemy (1991),Drama|Thriller
6811,PCU (1994),Comedy
6812,"Rookie, The (1990)",Action|Comedy|Thriller
6814,City Heat (1984),Action|Comedy
6816,Three O'Clock High (1987),Comedy|Thriller
6817,"White Hunter, Black Heart (1990)",Adventure|Drama
6818,Come and See (Idi i smotri) (1985),Drama|War
6820,Ginger Snaps (2000),Drama|Horror|Thriller
6821,More American Graffiti (1979),Comedy|Drama
6827,It's Pat (1994),Comedy|Slapstick
6832,Regarding Henry (1991),Drama
6835,Alien Contamination (1980),Action|Horror|Sci-Fi
6836,"Amazing Transparent Man, The (1960)",Sci-Fi|Thriller
6837,Love Affair (1939),Comedy|Drama|Romance
6849,Scrooge (1970),Drama|Fantasy|Musical
6850,Leap of Faith (1992),Comedy|Drama
6851,"Gas, Food, Lodging (1992)",Drama|Romance
6852,In Cold Blood (1967),Crime|Drama
6853,Campus Man (1987),Comedy|Sports
6856,Yankee Doodle Dandy (1942),Drama|Musical
6857,Ninja Scroll (J청bei ninp청ch척) (1995),Action|Adventure|Animation|Fantasy
6858,Knife in the Water (N처z w wodzie) (1962),Drama|Thriller
6860,Mobsters (1991),Crime|Drama
6862,Out of Time (2003),Crime|Drama|Thriller
6863,School of Rock (2003),Comedy|Musical
6867,"Station Agent, The (2003)",Comedy|Drama
6868,Wonderland (2003),Crime|Drama|Mystery|Thriller
6869,Bus 174 (횚nibus 174) (2002),Crime|Documentary
6870,Mystic River (2003),Crime|Drama|Mystery
6872,"House of the Dead, The (2003)",Action|Horror
6873,Intolerable Cruelty (2003),Comedy|Romance
6874,Kill Bill: Vol. 1 (2003),Action|Crime|Thriller
6879,Runaway Jury (2003),Drama|Thriller
6880,"Texas Chainsaw Massacre, The (2003)",Horror|Action
6881,Pieces of April (2003),Comedy|Drama
6882,Returner (Ritaanaa) (2002),Action|Adventure|Sci-Fi
6883,Sylvia (2003),Drama|Romance
6884,Veronica Guerin (2003),Crime|Drama|Thriller
6885,In the Cut (2003),Crime|Drama|Mystery|Romance|Thriller
6886,Beyond Borders (2003),Drama|Romance|War
6887,Radio (2003),Drama|Sports
6888,Scary Movie 3 (2003),Comedy|Horror
6889,Brother Bear (2003),Adventure|Animation|Children
6890,Elephant (2003),Drama|Thriller
6893,"Italian Job, The (1969)",Action|Comedy|Crime
6898,Sweet Sixteen (2002),Drama|Thriller|Crime
6899,Alien from L.A. (1988),Sci-Fi|Adventure
6902,Interstate 60 (2002),Adventure|Comedy|Drama|Fantasy|Mystery|Sci-Fi|Thriller
6909,"Eye, The (Gin gwai) (Jian gui) (2002)",Thriller
6911,"Jolson Story, The (1946)",Musical|Drama
6912,You'll Never Get Rich (1941),Comedy|Musical|Romance
6918,"Unvanquished, The (Aparajito) (1957)",Drama
6920,"Cercle Rouge, Le (Red Circle, The) (1970)",Crime|Thriller
6927,"Human Stain, The (2003)",Drama|Romance|Thriller
6932,Shattered Glass (2003),Crime|Drama
6934,"Matrix Revolutions, The (2003)",Action|Adventure|Sci-Fi|Thriller|IMAX
6935,"Revolution Will Not Be Televised, The (a.k.a. Chavez: Inside the Coup) (2003)",Documentary
6936,Elf (2003),Children|Comedy|Fantasy
6938,Billabong Odyssey (2003),Documentary|Sports
6939,Gloomy Sunday (Ein Lied von Liebe und Tod) (1999),Drama|Romance
6942,Love Actually (2003),Comedy|Drama|Romance
6944,Father of the Bride (1991),Comedy|Children
6945,My Architect: A Son's Journey (2003),Documentary
6946,Looney Tunes: Back in Action (2003),Action|Animation|Children|Fantasy
6947,Master and Commander: The Far Side of the World (2003),Adventure|Drama|War
6948,Tupac: Resurrection (2003),Documentary
6949,"Big Empty, The (2003)",Comedy|Mystery|Sci-Fi
6950,"Missing, The (2003)",Adventure|Thriller|Western
6951,"Cat in the Hat, The (2003)",Children|Comedy
6952,Gothika (2003),Horror|Thriller
6953,21 Grams (2003),Crime|Drama|Mystery|Romance|Thriller
6954,"Barbarian Invasions, The (Les invasions barbares) (2003)",Comedy|Crime|Drama|Mystery|Romance
6957,Bad Santa (2003),Comedy|Crime
6958,"Haunted Mansion, The (2003)",Children|Comedy|Fantasy|Horror
6959,Timeline (2003),Action|Adventure|Sci-Fi
6961,Damage (Fatale) (1992),Drama|Romance
6962,OT: Our Town (2002),Documentary
6963,Devil's Playground (2002),Documentary
6965,Journeys with George (2002),Documentary
6966,Darkman (1990),Action|Crime|Fantasy|Sci-Fi|Thriller
6967,Dead of Night (1945),Horror|Mystery
6969,"Dernier Combat, Le (Last Battle, The) (1983)",Drama|Sci-Fi
6970,Desk Set (1957),Comedy|Romance
6971,Europa (Zentropa) (1991),Drama|Thriller
6973,Final Analysis (1992),Drama|Romance|Thriller
6974,"Freshman, The (1990)",Comedy|Crime
6975,Funny Games (1997),Drama|Horror|Thriller
6978,Slacker (1991),Comedy|Drama
6979,WarGames (1983),Drama|Sci-Fi|Thriller
6981,"Ordet (Word, The) (1955)",Drama|Fantasy
6982,Forbidden Games (Jeux interdits) (1952),Drama|War
6983,Jane Eyre (1944),Drama|Romance
6984,"Tale of Two Cities, A (1935)",Drama|Romance|History
6985,"Passion of Joan of Arc, The (Passion de Jeanne d'Arc, La) (1928)",Drama|War
6986,Ben-Hur: A Tale of the Christ (1925),Adventure|Drama|Romance
6987,"Cabinet of Dr. Caligari, The (Cabinet des Dr. Caligari., Das) (1920)",Crime|Fantasy|Horror
6989,Gorky Park (1983),Crime|Drama|Thriller
6990,The Great Train Robbery (1978),Action|Adventure|Comedy|Crime|Drama
6992,Guarding Tess (1994),Comedy|Drama
6993,Hannah and Her Sisters (1986),Comedy|Drama|Romance
6994,"Hard Way, The (1991)",Action|Comedy
6996,Highlander II: The Quickening (1991),Action|Sci-Fi
6997,Hoffa (1992),Crime|Drama
6998,House of Cards (1993),Drama|Thriller
6999,Housesitter (1992),Comedy|Romance
7000,Hudson Hawk (1991),Action|Adventure|Comedy
7001,Invasion of the Body Snatchers (1978),Horror|Mystery|Sci-Fi|Thriller
7004,Kindergarten Cop (1990),Action|Comedy|Crime|Thriller
7005,King Ralph (1991),Comedy|Drama
7007,"Last Boy Scout, The (1991)",Action|Comedy|Crime|Drama|Thriller
7008,Last Tango in Paris (Ultimo tango a Parigi) (1972),Drama|Romance
7009,Lorenzo's Oil (1992),Drama|Family
7010,"Lover, The (Amant, L') (1992)",Drama|Romance
7012,Mr. Destiny (1990),Comedy|Fantasy
7013,"Night of the Hunter, The (1955)",Drama|Film-Noir|Thriller
7015,Only the Lonely (1991),Comedy|Romance
7016,Over the Top (1987),Action|Drama
7017,Passenger 57 (1992),Action|Thriller
7018,Presumed Innocent (1990),Crime|Drama|Thriller
7019,Project X (1987),Comedy|Drama
7020,Proof (1991),Comedy|Drama|Romance
7022,Battle Royale (Batoru rowaiaru) (2000),Action|Drama|Horror|Thriller
7023,"Wedding Banquet, The (Xi yan) (1993)",Comedy|Drama|Romance
7024,"Salo, or The 120 Days of Sodom (Sal챵 o le 120 giornate di Sodoma) (1976)",Drama
7025,"Midnight Clear, A (1992)",Drama|War
7026,Summer School (1987),Comedy|Drama
7027,Silverado (1985),Action|Western
7028,Quick Change (1990),Comedy|Crime
7030,Radio Flyer (1992),Drama|Family
7031,"Real McCoy, The (1993)",Action|Crime|Drama|Thriller
7032,Revenge (1990),Drama|Romance|Thriller
7033,"Secret of My Succe$s, The (a.k.a. The Secret of My Success) (1987)",Comedy|Romance
7034,Show Me Love (Fucking 횇m책l) (1998),Drama|Romance
7036,Teen Wolf (1985),Comedy|Fantasy
7037,High Heels (Tacones lejanos) (1991),Comedy|Drama
7038,Things You Can Tell Just by Looking at Her (2000),Drama|Romance
7040,To Live and Die in L.A. (1985),Action|Crime|Drama|Thriller
7041,Trapped in Paradise (1994),Comedy|Crime
7044,Wild at Heart (1990),Crime|Drama|Mystery|Romance|Thriller
7045,"Witches, The (1990)",Children|Fantasy
7046,"Witches of Eastwick, The (1987)",Comedy|Fantasy|Horror|Thriller
7047,Year of the Dragon (1985),Action|Crime|Drama
7048,Nothing to Lose (1997),Action|Adventure|Comedy|Crime
7049,Flying Down to Rio (1933),Comedy|Musical|Romance
7050,Follow the Fleet (1936),Comedy|Musical|Romance
7051,"What's New, Pussycat (1965)",Comedy
7052,Mary of Scotland (1936),Drama|Romance
7053,Roberta (1935),Comedy|Musical|Romance
7054,Little Women (1949),Drama|Romance|Family
7055,Swing Time (1936),Comedy|Musical|Romance
7056,"Public Enemy, The (1931)",Action|Crime|Drama
7057,"Midsummer Night's Dream, A (1935)",Comedy|Fantasy|Romance
7058,Life with Father (1947),Comedy|Children
7059,National Velvet (1944),Children|Drama
7060,Jesus Christ Superstar (1973),Drama|Musical
7061,Dark Victory (1939),Drama|Romance
7062,Birdman of Alcatraz (1962),Drama|Crime
7063,"Aguirre: The Wrath of God (Aguirre, der Zorn Gottes) (1972)",Adventure|Drama
7064,Beauty and the Beast (La belle et la b챗te) (1946),Drama|Fantasy
7065,"Birth of a Nation, The (1915)",Drama|War
7067,Juliet of the Spirits (Giulietta degli spiriti) (1965),Comedy|Drama|Fantasy|Romance
7069,"Macbeth (a.k.a. Tragedy of Macbeth, The) (1971)",Drama|War
7070,Red River (1948),Action|Adventure|Western
7071,"Woman Under the Influence, A (1974)",Drama|Indie
7072,Stagecoach (1939),Action|Drama|Romance|Western
7073,"Shot in the Dark, A (1964)",Comedy|Crime|Mystery
7074,"Navigator, The (1924)",Comedy
7075,"Court Jester, The (1956)",Adventure|Comedy|Musical
7076,Bullitt (1968),Action|Crime|Drama|Thriller
7078,Jezebel (1938),Drama|Romance
7079,"Hunchback of Notre Dame, The (1939)",Drama|Romance|Horror
7080,42nd Street (1933),Drama|Musical|Romance
7082,That Touch of Mink (1962),Comedy|Romance
7083,Sweet Dreams (1985),Drama|Musical|Romance
7084,"Play It Again, Sam (1972)",Comedy|Romance
7085,Send Me No Flowers (1964),Comedy|Romance
7086,Pygmalion (1938),Comedy|Drama
7087,"Passage to India, A (1984)",Adventure|Drama
7088,Black Orpheus (Orfeu Negro) (1959),Drama|Romance
7089,Amarcord (1973),Comedy|Drama
7090,Hero (Ying xiong) (2002),Action|Adventure|Drama
7091,Horse Feathers (1932),Comedy|Sports
7092,Anna Karenina (1935),Drama|Romance
7093,"Front Page, The (1974)",Comedy|Drama
7096,Rivers and Tides (2001),Documentary|Indie
7099,Nausica채 of the Valley of the Wind (Kaze no tani no Naushika) (1984),Adventure|Animation|Drama|Fantasy|Sci-Fi
7101,Doc Hollywood (1991),Comedy|Romance
7102,Dragnet (1987),Comedy|Crime|Drama
7103,Madhouse (1990),Comedy|Drama
7104,1941 (1979),Comedy|War
7107,Foul Play (1978),Comedy|Thriller
7108,Crime Story (Zhong an zu) (1993),Action|Crime|Drama
7109,Beyond the Clouds (Al di l횪 delle nuvole) (1996),Drama|Romance
7114,"Collector, The (1965)",Drama|Horror|Thriller
7115,Deep Red (Profondo rosso) (1975),Horror|Mystery|Thriller
7116,Diabolique (Les diaboliques) (1955),Horror|Mystery|Thriller
7117,Leprechaun (1993),Comedy|Horror
7118,Wings of Honneamise (횚ritsu uch청gun Oneamisu no tsubasa) (1987),Animation|Drama|Sci-Fi|War
7121,Adam's Rib (1949),Comedy|Romance
7122,King of Hearts (1966),Comedy|Drama|War
7123,Naked Lunch (1991),Drama|Fantasy|Mystery|Sci-Fi
7124,Grass (1999),Documentary|History
7125,Spring Forward (1999),Drama|Indie
7127,Run (1991),Action|Drama|Thriller
7131,"Summer Place, A (1959)",Drama|Romance
7132,"Night at the Opera, A (1935)",Comedy|Musical|Romance
7134,"Element of Crime, The (Forbrydelsens Element) (1984)",Drama|Thriller
7137,"Cooler, The (2003)",Comedy|Drama|Romance
7139,In America (2002),Drama|Romance
7141,My Flesh and Blood (2003),Documentary
7142,Honey (2003),Drama|Romance
7143,"Last Samurai, The (2003)",Action|Adventure|Drama|War
7147,Big Fish (2003),Drama|Fantasy|Romance
7149,Something's Gotta Give (2003),Comedy|Drama|Romance
7150,Stuck on You (2003),Comedy|Drama
7151,Girl with a Pearl Earring (2003),Drama|Romance
7153,"Lord of the Rings: The Return of the King, The (2003)",Action|Adventure|Drama|Fantasy
7154,Mona Lisa Smile (2003),Drama|Romance
7155,Calendar Girls (2003),Comedy|Drama
7156,"Fog of War: Eleven Lessons from the Life of Robert S. McNamara, The (2003)",Documentary|War
7158,House of Sand and Fog (2003),Drama|Thriller|Crime
7160,Monster (2003),Crime|Drama
7161,Cheaper by the Dozen (2003),Children|Comedy
7162,Cold Mountain (2003),Drama|Romance|War
7163,Paycheck (2003),Action|Sci-Fi|Thriller
7164,Peter Pan (2003),Action|Adventure|Children|Fantasy
7165,"Company, The (2003)",Drama|Musical
7167,Japanese Story (2003),Drama|Romance
7169,Chasing Liberty (2004),Comedy|Romance
7171,Aileen: Life and Death of a Serial Killer (2003),Documentary|Crime
7173,Along Came Polly (2004),Comedy|Romance
7175,Torque (2004),Action|Crime
7176,Crimson Gold (Talaye sorgh) (2003),Drama|Thriller|Crime
7177,Osama (2003),Drama
7178,"Great Gatsby, The (1974)",Drama|Romance
7179,Wuthering Heights (1992),Drama|Romance
7181,Ship of Fools (1965),Drama|Romance|War
7184,This Property is Condemned (1966),Drama|Romance
7190,Jane Eyre (1970),Drama|Romance
7191,Blame It on the Bellboy (1992),Comedy
7192,Only the Strong (1993),Action|Sports
7193,"Adventures of Ford Fairlane, The (1990)",Action|Comedy
7202,Beyond Re-Animator (2003),Horror
7205,"Wind and the Lion, The (1975)",Adventure|Action
7206,Mon Oncle (My Uncle) (1958),Comedy|Drama
7208,Dr. Jekyll and Mr. Hyde (1941),Drama|Horror
7209,"M. Hulot?셲 Holiday (Mr. Hulot's Holiday) (Vacances de Monsieur Hulot, Les) (1953)",Comedy
7211,People Will Talk (1951),Comedy|Romance
7212,I Was a Male War Bride (1949),Comedy|Romance
7215,To Have and Have Not (1944),Adventure|Drama|Romance|Thriller|War
7216,High Sierra (1941),Crime|Drama|Film-Noir|Thriller
7217,Dark Passage (1947),Crime|Drama|Film-Noir|Romance|Thriller
7218,"Ox-Bow Incident, The (1943)",Drama|Western
7219,They Drive by Night (1940),Drama|Film-Noir|Crime
7222,Reefer Madness (a.k.a. Tell Your Children) (1938),Comedy|Drama
7223,D.O.A. (1950),Drama|Film-Noir|Mystery
7225,Pumping Iron (1977),Documentary|Sports|Drama
7228,Cool World (1992),Animation|Comedy|Fantasy
7234,"Strada, La (1954)",Drama
7235,Ichi the Killer (Koroshiya 1) (2001),Action|Comedy|Crime|Drama|Horror|Thriller
7236,"Boy and His Dog, A (1975)",Sci-Fi|Comedy
7238,Ashes and Diamonds (Popi처l i diament) (1958),Drama|War
7243,Intolerance: Love's Struggle Throughout the Ages (1916),Drama
7245,Tormented (1960),Horror|Thriller
7247,Chitty Chitty Bang Bang (1968),Adventure|Children|Comedy|Fantasy|Musical
7248,"Suriyothai (a.k.a. Legend of Suriyothai, The) (2001)",Action|Adventure|Drama|War
7251,Where the Day Takes You (1992),Drama|Thriller|Crime
7254,The Butterfly Effect (2004),Drama|Sci-Fi|Thriller
7255,Win a Date with Tad Hamilton! (2004),Comedy|Romance
7256,Touching the Void (2003),Adventure|Documentary
7257,"Big Bounce, The (2004)",Comedy|Crime|Thriller
7258,"Perfect Score, The (2004)",Comedy|Crime
7259,You Got Served (2004),Drama|Musical
7260,Latter Days (2003),Comedy|Drama|Romance
7261,Barbershop 2: Back in Business (2004),Comedy|Drama
7262,Catch That Kid (2004),Action|Adventure|Children|Comedy|Crime
7263,Miracle (2004),Drama|Action|Sports
7264,An Amazing Couple (2002),Comedy|Romance
7265,"Dreamers, The (2003)",Drama|Romantic
7266,"Lost Skeleton of Cadavra, The (2002)",Comedy|Horror|Sci-Fi
7282,"Hip Hop Witch, Da (2000)",Comedy|Horror|Thriller
7285,Thirteen (2003),Drama
7292,Best Defense (1984),Comedy|War
7293,50 First Dates (2004),Comedy|Romance
7294,Welcome to Mooseport (2004),Comedy|Drama
7297,Kitchen Stories (Salmer fra kj첩kkenet) (2003),Comedy|Drama
7299,Monsieur Ibrahim (Monsieur Ibrahim et les fleurs du Coran) (2003),Drama|Comedy
7301,Diary of a Country Priest (Journal d'un cur챕 de campagne) (1951),Drama|Thriller
7302,"Thief of Bagdad, The (1924)",Action|Adventure|Fantasy
7303,The Diary of Anne Frank (1959),Drama|War
7304,Allegro non troppo (1977),Animation|Comedy|Fantasy|Musical
7305,Black Widow (1987),Crime|Drama|Mystery|Thriller
7306,"Herod's Law (Ley de Herodes, La) (2000)",Comedy|Crime|Mystery
7307,Flesh & Blood (1985),Action|Adventure|Drama|War
7308,King Solomon's Mines (1985),Adventure|Comedy
7310,Raw Deal (1986),Action|Sports
7311,"Goodbye, Mr. Chips (1939)",Drama|Romance
7312,"Follow Me, Boys! (1966)",Comedy|Drama
7315,Against the Ropes (2004),Comedy|Drama
7316,Confessions of a Teenage Drama Queen (2004),Comedy|Family
7317,EuroTrip (2004),Adventure|Comedy
7318,"Passion of the Christ, The (2004)",Drama|Indie
7319,Club Dread (2004),Comedy|Horror
7320,Dirty Dancing: Havana Nights (2004),Romance|Musical
7321,Twisted (2004),Thriller|Mystery
7323,"Good bye, Lenin! (2003)",Comedy|Drama
7324,Hidalgo (2004),Adventure|Drama
7325,Starsky & Hutch (2004),Action|Comedy|Crime|Thriller
7326,"Reckoning, The (2004)",Crime|Drama
7327,Persona (1966),Drama|Thriller
7328,"Passion of Anna, The (Passion, En) (1969)",Drama|Romance
7333,"Corbeau, Le (Raven, The) (1943)",Crime|Drama|Thriller
7335,Pickup on South Street (1953),Film-Noir|Crime
7336,"Damned, The (La Caduta degli dei) (1969)",Drama|War
7340,Just One of the Guys (1985),Comedy|Romance
7344,"Wrong Arm of the Law, The (1963)",Comedy|Crime
7345,Agent Cody Banks 2: Destination London (2004),Action|Adventure|Children|Comedy
7346,"Girl Next Door, The (2004)",Comedy|Romance
7347,Secret Window (2004),Mystery|Thriller
7348,Spartan (2004),Thriller|Action
7349,Broken Wings (Knafayim Shvurot) (2002),Drama
7352,Wilbur Wants to Kill Himself (2002),Comedy|Drama|Romance
7354,Mad Dog and Glory (1993),Comedy|Drama|Romance
7357,Peyton Place (1957),Drama|Romance
7360,Dawn of the Dead (2004),Action|Drama|Horror|Thriller
7361,Eternal Sunshine of the Spotless Mind (2004),Drama|Romance|Sci-Fi
7362,Taking Lives (2004),Crime|Drama|Thriller
7364,Intermission (2003),Comedy|Crime|Drama
7366,Jersey Girl (2004),Comedy|Drama|Romance
7367,"Ladykillers, The (2004)",Comedy|Crime
7368,Never Die Alone (2004),Crime|Drama|Thriller
7369,Scooby-Doo 2: Monsters Unleashed (2004),Action|Adventure|Children|Comedy|Mystery
7371,Dogville (2003),Drama|Mystery|Thriller
7372,Ned Kelly (2003),Drama|Action|Western
7373,Hellboy (2004),Action|Adventure|Fantasy|Horror
7375,"Prince & Me, The (2004)",Comedy|Romance
7376,Walking Tall (2004),Action|Sports
7377,"United States of Leland, The (2003)",Crime|Drama
7379,The Alamo (2004),Drama|War|Western
7380,Ella Enchanted (2004),Comedy|Fantasy|Romance
7381,"Whole Ten Yards, The (2004)",Action|Comedy|Crime
7382,I'm Not Scared (Io non ho paura) (2003),Drama|Mystery|Thriller
7386,"Ten Commandments, The (1956)",Adventure|Drama
7387,Dawn of the Dead (1978),Action|Drama|Horror
7390,Prey for Rock & Roll (2003),Drama|Musical
7394,Those Magnificent Men in Their Flying Machines (1965),Action|Adventure|Comedy
7395,Cheaper by the Dozen (1950),Comedy|Drama
7396,Scenes From a Marriage (Scener ur ett 채ktenskap) (1973),Drama
7411,Munchies (1987),Comedy|Horror
7414,Going in Style (1979),Comedy|Drama
7419,After Hours (1985),Comedy|Thriller
7438,Kill Bill: Vol. 2 (2004),Action|Drama|Thriller
7439,"Punisher, The (2004)",Action|Crime|Thriller
7440,Paper Clips (2004),Documentary|War
7443,This So-Called Disaster (2003),Documentary|Indie
7444,13 Going on 30 (2004),Comedy|Fantasy|Romance
7445,Man on Fire (2004),Action|Crime|Drama|Mystery|Thriller
7448,Envy (2004),Comedy
7449,Godsend (2004),Drama|Horror|Thriller
7450,Laws of Attraction (2004),Comedy|Romance
7451,Mean Girls (2004),Comedy|Romance
7454,Van Helsing (2004),Action|Adventure|Fantasy|Horror
7455,"Mudge Boy, The (2003)",Drama|Crime|Romance
7457,Breakin' All the Rules (2004),Comedy|Romance
7458,Troy (2004),Action|Adventure|Drama|War
7459,Carandiru (2003),Crime|Drama
7460,Coffee and Cigarettes (2003),Comedy|Drama
7477,Eye See You (D-Tox) (2002),Horror|Thriller
7479,Watch on the Rhine (1943),Drama|War|Thriller
7481,Enemy Mine (1985),Adventure|Drama|Sci-Fi
7482,Enter the Dragon (1973),Action|Crime
7486,Happy Together (a.k.a. Buenos Aires Affair) (Chun gwong cha sit) (1997),Drama|Romance
7487,Henry & June (1990),Drama|Romance
7492,Martin (1977),Drama|Horror
7493,"Three Faces of Eve, The (1957)",Drama|Mystery|Thriller
7541,100 Girls (2000),Comedy|Romance
7560,Fail-Safe (1964),Drama|Thriller|War
7561,Paperhouse (1988),Fantasy|Horror|Thriller
7562,Dobermann (1997),Action|Crime
7564,Kwaidan (Kaidan) (1964),Horror|Fantasy
7566,28 Up (1985),Documentary
7569,You Only Live Twice (1967),Action|Adventure|Sci-Fi|Thriller
7570,Octopussy (1983),Action|Adventure|Thriller
7572,Wit (2001),Drama|Documentary
7573,Never Say Never Again (1983),Action|Adventure|Thriller
7579,Pride and Prejudice (1940),Comedy|Drama|Romance
7581,"Fountainhead, The (1949)",Drama|Romance
7584,Woman of the Year (1942),Comedy|Romance
7587,"Samoura챦, Le (Godson, The) (1967)",Crime|Drama|Thriller
7614,Oklahoma! (1955),Musical|Romance|Western
7615,Desert Hearts (1985),Drama|Romance
7616,Body Double (1984),Mystery|Thriller
7618,Chaplin (1992),Drama|Comedy
7619,"Miracle Worker, The (1962)",Drama
7620,Monster in a Box (1992),Comedy|Drama
7624,School Ties (1992),Drama|Sports
7636,Raising Cain (1992),Horror|Thriller
7646,Rose Red (2002),Horror|Mystery|Thriller
7647,Noises Off... (1992),Comedy|Drama
7649,Babylon 5: In the Beginning (1998),Adventure|Sci-Fi
7650,"Witchfinder General (Conquerer Worm, The) (1968)",Horror|War
7657,Versus (2000),Action|Comedy|Fantasy|Horror
7669,Pride and Prejudice (1995),Drama|Romance
7698,"China Syndrome, The (1979)",Drama|Thriller
7700,"Wages of Fear, The (Salaire de la peur, Le) (1953)",Action|Adventure|Drama|Thriller
7701,Look Who's Talking Too (1990),Comedy|Romance
7702,"Bells of St. Mary's, The (1945)",Drama|Family
7704,"Delta Force, The (1986)",Action|Sports
7705,Pat and Mike (1952),Comedy|Romance
7706,Animal Crackers (1930),Comedy|Musical
7707,"He Said, She Said (1991)",Comedy|Drama|Romance
7708,Bedazzled (1967),Comedy|Fantasy
7713,Cat People (1942),Drama|Horror|Romance|Thriller
7714,Camelot (1967),Drama|Musical|Romance
7716,"Lonely Guy, The (1984)",Comedy|Romance
7720,"Four Musketeers, The (1974)",Action|Adventure|Comedy|Romance
7727,Protocol (1984),Comedy
7728,"Postman Always Rings Twice, The (1946)",Crime|Drama|Film-Noir|Thriller
7730,Matinee (1993),Comedy|Drama
7742,Baxter (1989),Drama|Horror
7743,Explorers (1985),Adventure|Children|Sci-Fi
7745,"Scent of Green Papaya, The (M첫i du du xhan - L'odeur de la papaye verte) (1993)",Drama|Musical}Romance
7748,Pierrot le fou (1965),Crime|Drama
7749,Weekend (a.k.a. Le Week-end) (Week End) (1967),Drama|Comedy
7753,Tuesdays with Morrie (1999),Drama
7756,Alexander Nevsky (Aleksandr Nevskiy) (1938),Action|Drama|War
7757,Jason and the Argonauts (1963),Action|Adventure|Fantasy
7762,"Tinker, Tailor, Soldier, Spy (1979)",Drama|Thriller
7766,Throne of Blood (Kumonosu j척) (1957),Action|Drama|Thriller|War
7767,"Best of Youth, The (La meglio giovent첫) (2003)",Drama|Romance
7772,Undercurrent (1946),Film-Noir|Thriller
7773,"Bang, Bang, You're Dead (2002)",Drama|Crime|Thriller
7781,Twister (1990),Comedy
7782,Sniper (1993),Action|Drama
7786,Genghis Blues (1999),Documentary|Musical
7789,"11'09""01 - September 11 (2002)",Drama
7792,"Parallax View, The (1974)",Thriller|Crime
7802,"Warriors, The (1979)",Action|Adventure|Crime|Thriller
7810,Babylon 5: A Call to Arms (1999),Adventure|Sci-Fi
7811,Babylon 5: The River of Souls (1998),Drama|Sci-Fi
7812,Babylon 5: Thirdspace (1998),Drama|Sci-Fi
7815,True Stories (1986),Comedy|Musical
7820,"Virgin Spring, The (Jungfruk채llan) (1960)",Crime|Drama
7822,Mogambo (1953),Adventure|Drama|Romance
7826,"Secret Life of Walter Mitty, The (1947)",Comedy|Romance|Thriller
7831,Another Thin Man (1939),Comedy|Crime|Drama|Mystery|Romance
7832,"Thin Man Goes Home, The (1945)",Comedy|Crime|Mystery
7833,Shadow of the Thin Man (1941),Comedy|Crime|Mystery
7834,After the Thin Man (1936),Comedy|Crime|Mystery|Romance
7835,Song of the Thin Man (1947),Comedy|Crime|Drama|Musical|Mystery|Romance
7839,Love Crazy (1941),Comedy|Romance
7840,Gunga Din (1939),Adventure|Comedy|War
7841,Children of Dune (2003),Fantasy|Sci-Fi
7842,Dune (2000),Drama|Fantasy|Sci-Fi
7843,Lammbock (2001),Comedy|Crime
7844,"Legend, The (Legend of Fong Sai-Yuk, The) (Fong Sai Yuk) (1993)",Action|Comedy
7845,Tremors II: Aftershocks (1996),Comedy|Horror|Sci-Fi
7846,Tremors 3: Back to Perfection (2001),Comedy|Horror|Sci-Fi
7879,Notorious C.H.O. (2002),Comedy|Documentary
7882,The Plague of the Zombies (1966),Horror
7883,I Walked with a Zombie (1943),Drama|Horror
7884,Highway 61 (1991),Comedy|Indie
7888,How to Succeed in Business Without Really Trying (1967),Comedy|Musical
7889,Pat Garrett and Billy the Kid (1973),Western|Action
7891,"Last Man on Earth, The (Ultimo uomo della Terra, L') (1964)",Drama|Horror|Sci-Fi
7894,"Duck, You Sucker (1971)",Action|Western
7895,Bring Me the Head of Alfredo Garcia (1974),Crime|Drama|Thriller
7896,Ride the High Country (1962),Adventure|Drama|Western
7899,Master of the Flying Guillotine (Du bi quan wang da po xue di zi) (1975),Action
7900,Frankenstein Must Be Destroyed (1969),Drama|Horror|Sci-Fi
7916,Gidget (1959),Comedy|Romance
7920,Desperate Living (1977),Comedy|Crime
7924,Stray Dog (Nora inu) (1949),Drama|Film-Noir|Thriller
7925,"Hidden Fortress, The (Kakushi-toride no san-akunin) (1958)",Action|Adventure
7926,High and Low (Tengoku to jigoku) (1963),Crime|Drama|Film-Noir|Thriller
7930,"People Under the Stairs, The (1991)",Horror|Mystery|Thriller
7932,Dark Days (2000),Documentary|Indie
7934,Zelig (1983),Comedy|Indie
7936,Shame (Skammen) (1968),Drama|War
7937,"Silence, The (Tystnaden) (1963)",Drama
7938,Winter Light (Nattvardsg채sterna) (1963),Drama
7939,Through a Glass Darkly (S책som i en spegel) (1961),Drama|Family
7940,The Magician (1958),Drama|Comedy
7943,"Killers, The (1946)",Crime|Film-Noir
7944,"Night of the Iguana, The (1964)",Drama|Thriller
7951,Nightbreed (1990),Fantasy|Horror
7976,Ken Park (2002),Drama
7979,Monterey Pop (1968),Documentary|Musical
7980,"Bridge Too Far, A (1977)",Action|Drama|War
7981,Infernal Affairs (Mou gaan dou) (2002),Crime|Drama|Thriller
7982,"Tale of Two Sisters, A (Janghwa, Hongryeon) (2003)",Drama|Horror|Mystery|Thriller
7983,Broadway Danny Rose (1984),Comedy|Drama
7984,From Beyond (1986),Horror|Sci-Fi
7986,Robot Jox (1990),Sci-Fi
7987,Dolls (1987),Horror|Fantasy
7988,Space Truckers (1996),Comedy|Sci-Fi
7991,Death Race 2000 (1975),Action|Sci-Fi
7993,"Bucket Of Blood, A (1959)",Comedy|Horror
8008,Brigadoon (1954),Fantasy|Musical|Romance
8010,"Power of One, The (1992)",Drama|Sports
8011,"Weather Underground, The (2002)",Documentary|War
8012,Kikujiro (Kikujir척 no natsu) (1999),Comedy|Drama
8014,"Spring, Summer, Fall, Winter... and Spring (Bom yeoreum gaeul gyeoul geurigo bom) (2003)",Drama|Romance
8015,"Phantom Tollbooth, The (1970)",Adventure|Animation|Children|Fantasy
8016,"Getaway, The (1972)",Action|Crime|Drama|Thriller
8019,Dark Water (Honogurai mizu no soko kara) (2002),Drama|Horror|Mystery|Thriller
8024,"Thing Called Love, The (1993)",Comedy|Drama|Romance
8025,The Thief (1997),Drama|Crime
8033,How to Steal a Million (1966),Comedy|Crime|Romance
8035,"Stendhal Syndrome, The (Sindrome di Stendhal, La) (1996)",Crime|Horror|Thriller
8042,Mean Streets (1973),Crime|Drama
8043,Jack the Bear (1993),Comedy|Drama
8044,I Am a Fugitive from a Chain Gang (1932),Crime|Drama|Film-Noir
8045,Hamburger Hill (1987),Action|Drama|War
8057,Sweet Bird of Youth (1962),Drama
8092,Frankenstein Unbound (1990),Drama|Horror|Sci-Fi
8093,Shiri (Swiri) (1999),Action|Drama|Romance|Thriller
8094,Bad Day at Black Rock (1955),Drama|Thriller|Western
8117,In China They Eat Dogs (I Kina spiser de hunde) (1999),Action|Comedy
8118,Delta Force 2 (Delta Force 2: The Colombian Connection) (1990),Action|Adventure|Thriller|War
8119,Crossroads (1986),Drama|Mystery
8121,"Seducing Doctor Lewis (Grande s챕duction, La) (2003)",Comedy
8125,Sunrise: A Song of Two Humans (1927),Drama|Romance
8126,Shock Corridor (1963),Drama|Thriller|Horror
8128,Au revoir les enfants (1987),Drama|War
8131,Pursuit of Happiness (2001),Comedy|Romance
8132,Gladiator (1992),Action|Drama
8136,Indestructible Man (1956),Crime|Horror|Sci-Fi
8137,"Wasp Woman, The (1959)",Horror|Sci-Fi
8138,Attack of the Giant Leeches (1959),Horror|Sci-Fi
8142,Dead or Alive: Hanzaisha (1999),Action|Crime
8143,Lola Mont챔s (1955),Drama|Romance
8147,Charly (1968),Drama|Sci-Fi
8153,Lust for Life (1956),Drama
8154,"Dolce Vita, La (1960)",Drama|Comedy|Thriller
8157,Jin Roh: The Wolf Brigade (Jin-R척) (1998),Animation|Fantasy|Thriller
8158,Rush (1991),Crime|Drama
8167,Captain Blood (1935),Action|Adventure|Romance
8169,*batteries not included (1987),Children|Comedy|Fantasy|Sci-Fi
8183,Educating Rita (1983),Comedy|Drama
8188,Sansho the Bailiff (Sansh척 day청) (1954),Drama|History
8189,Zazie dans le m챕tro (1960),Comedy|Slapstick
8190,"Americanization of Emily, The (1964)",Comedy|Drama|War
8191,Anne of the Thousand Days (1969),Drama|Thriller
8195,"Avventura, L' (Adventure, The) (1960)",Drama|Mystery|Romance
8196,Beyond the Valley of the Dolls (1970),Comedy|Horror
8197,Hiroshima Mon Amour (1959),Drama|Romance|War
8199,Ugetsu (Ugetsu monogatari) (1953),Drama|Thriller
8207,"Day of the Jackal, The (1973)",Crime|Thriller
8225,Night of the Living Dead (1990),Horror|Thriller
8228,"Maltese Falcon, The (a.k.a. Dangerous Female) (1931)",Mystery|Crime
8232,I Love You Again (1940),Comedy|Drama
8235,Safety Last! (1923),Action|Comedy|Romance
8236,While the City Sleeps (1956),Drama|Film-Noir
8238,Little Murders (1971),Comedy|Crime
8239,Viridiana (1961),Comedy|Drama
8241,Masterminds (1997),Action|Comedy|Thriller
8253,Lupin III: The Castle Of Cagliostro (Rupan sansei: Kariosutoro no shiro) (1979),Action|Adventure|Animation|Comedy|Crime|Mystery
8254,Arizona Dream (1993),Comedy|Drama|Fantasy|Romance
8261,3 Women (Three Women) (1977),Drama|Thriller|Mystery
8264,Grey Gardens (1975),Documentary|Drama
8266,Purple Rain (1984),Drama|Musical
8268,Point of No Return (1993),Action|Thriller
8270,"Hairdresser's Husband, The (Le mari de la coiffeuse) (1990)",Comedy|Drama|Romance
8275,College (1927),Comedy|Sports
8290,Mitchell (1975),Action|Crime
8293,Used People (1992),Comedy|Drama
8302,"Front Page, The (1931)",Comedy|Drama|Romance
8327,Dolls (2002),Drama|Romance
8331,"Man Who Came to Dinner, The (1942)",Comedy
8335,Make Way for Tomorrow (1937),Drama|Comedy
8336,"Major and the Minor, The (1942)",Comedy|Romance
8337,"Caine Mutiny, The (1954)",Drama|War
8338,Black Narcissus (1947),Drama|Thriller
8340,Escape from Alcatraz (1979),Drama|Thriller
8341,Oliver Twist (1948),Adventure|Crime|Drama
8360,Shrek 2 (2004),Adventure|Animation|Children|Comedy|Musical|Romance
8361,"Day After Tomorrow, The (2004)",Action|Adventure|Drama|Sci-Fi|Thriller
8362,Raising Helen (2004),Comedy|Drama|Romance
8363,Soul Plane (2004),Comedy|Musical
8364,Baadasssss! (How to Get the Man's Foot Outta Your Ass) (2003),Drama|Indie
8366,Saved! (2004),Comedy|Drama
8368,Harry Potter and the Prisoner of Azkaban (2004),Adventure|Fantasy|IMAX
8369,Mindhunters (2004),Action|Crime|Horror|Mystery|Thriller
8370,"Blind Swordsman: Zatoichi, The (Zat척ichi) (2003)",Action|Comedy|Crime|Drama
8371,"Chronicles of Riddick, The (2004)",Action|Sci-Fi|Thriller
8372,Garfield: The Movie (2004),Animation|Children|Comedy
8373,"Stepford Wives, The (2004)",Comedy|Fantasy|Thriller
8375,"Hunting of the President, The (2004)",Documentary
8376,Napoleon Dynamite (2004),Comedy|Indie
8378,"Doctor, The (1991)",Drama
8379,"Dresser, The (1983)",Drama
8380,Father Hood (1993),Comedy|Adventure
8382,Hello Again (1987),Comedy|Romance
8383,Hope Springs (2003),Comedy|Romance
8385,Lover Come Back (1961),Comedy|Romance
8387,Police Academy: Mission to Moscow (1994),Comedy|Crime
8391,Big Wednesday (1978),Comedy|Drama
8402,Book of Love (1990),Comedy|Romance
8405,Hour of the Wolf (Vargtimmen) (1968),Drama|Horror
8410,Suddenly (1954),Crime|Drama|Film-Noir
8424,"Divorcee, The (1930)",Drama|Romance
8425,Meet the Applegates (1991),Comedy
8426,Robot Carnival (Roboto k창nibauru) (1987),Animation|Comedy|Drama|Fantasy|Sci-Fi
8427,Americathon (1979),Comedy|Sci-Fi
8446,Sands of Iwo Jima (1949),Action|Drama|Romance|War
8447,This Island Earth (1955),Sci-Fi|Horror
8450,Anthony Adverse (1936),Adventure|Romance
8451,Blackboard Jungle (1955),Drama|Crime
8454,Luna Papa (1999),Comedy|Drama|Fantasy
8456,Investigation of a Citizen Above Suspicion (Indagine su un cittadino al di sopra di ogni sospetto) (1970),Crime|Drama|Thriller
8458,To Each His Own (1946),Drama|Romance
8459,"Heiress, The (1949)",Drama|Romance
8461,Dragon Seed (1944),Drama|War
8462,Executive Suite (1954),Drama|Romance
8463,Johnny Belinda (1948),Drama
8464,Super Size Me (2004),Comedy|Documentary|Drama
8465,Johnny Eager (1942),Crime|Drama|Film-Noir|Romance
8477,"Jet챕e, La (1962)",Romance|Sci-Fi
8481,Northwest Passage (1940),Action|Adventure|Drama|Romance|Thriller|Western
8482,"Picture of Dorian Gray, The (1945)",Drama|Fantasy|Horror
8484,"Human Condition I, The (Ningen no joken I) (1959)",Drama|War
8487,Please Don't Eat the Daisies (1960),Children|Comedy|Musical
8491,White Heat (1949),Crime|Drama|Film-Noir
8492,"Christmas Carol, A (Scrooge) (1951)",Drama|Fantasy
8493,Memphis Belle (1990),Action|Drama|War
8494,"Cincinnati Kid, The (1965)",Drama
8495,Animal Factory (2000),Crime|Drama
8500,Godzilla vs. Mechagodzilla (Gojira tai Mekagojira) (1974),Action|Horror|Sci-Fi
8501,"Hitcher, The (1986)",Action|Thriller
8502,Show Boat (1951),Drama|Musical|Romance
8506,Fear X (2003),Mystery|Thriller
8507,Freaks (1932),Crime|Drama|Horror
8511,"Immigrant, The (1917)",Comedy
8512,Silent Movie (1976),Comedy
8518,Anna Christie (1930),Drama|Romance
8521,Dr. Jekyll and Mr. Hyde (1931),Drama|Horror
8526,Around the World in 80 Days (2004),Adventure|Children|Comedy
8528,Dodgeball: A True Underdog Story (2004),Comedy|Sports
8529,"Terminal, The (2004)",Comedy|Drama|Romance
8530,Dear Frankie (2004),Drama|Romance
8531,White Chicks (2004),Action|Comedy|Crime
8532,"Door in the Floor, The (2004)",Drama|Thriller|Comedy
8533,"Notebook, The (2004)",Drama|Romance
8534,Two Brothers (Deux fr챔res) (2004),Adventure|Children|Drama
8535,De-Lovely (2004),Drama|Musical
8542,"Day at the Races, A (1937)",Comedy|Musical
8571,Bob & Carol & Ted & Alice (1969),Comedy|Drama
8574,"Claymation Christmas Celebration, A (1987)",Animation|Children|Comedy|Musical
8575,"Happenstance (Battement d'ailes du papillon, Le) (2001)",Comedy|Drama
8577,Comandante (2003),Documentary
8578,Undead (2003),Action|Comedy|Horror|Sci-Fi
8580,Into the Woods (1991),Adventure|Comedy|Fantasy|Musical
8581,Pirates of Silicon Valley (1999),Documentary|Drama
8582,Manufacturing Consent: Noam Chomsky and the Media (1992),Documentary|War
8587,Mayor of the Sunset Strip (2003),Documentary|Indie
8588,Killing Me Softly (2002),Drama|Mystery|Romance|Thriller
8591,"Philadelphia Experiment, The (1984)",Adventure|Drama|Sci-Fi
8593,Juice (1992),Action|Crime|Drama|Thriller
8596,Revenge of the Pink Panther (1978),Comedy|Crime
8600,Angels with Dirty Faces (1938),Crime|Drama|Film-Noir|Thriller
8601,Zero de conduite (Zero for Conduct) (Z챕ro de conduite: Jeunes diables au coll챔ge) (1933),Comedy|Drama
8604,Taxi (1998),Action|Comedy
8605,Taxi 3 (2003),Action|Comedy
8607,Tokyo Godfathers (2003),Adventure|Animation|Drama
8609,Our Hospitality (1923),Comedy|Thriller
8610,All of Me (1984),Comedy|Fantasy
8611,"Farmer's Daughter, The (1947)",Comedy
8614,Overboard (1987),Comedy|Romance
8617,Butterfield 8 (1960),Drama
8620,"Exterminating Angel, The (횁ngel exterminador, El) (1962)",Comedy|Drama|Fantasy|Mystery
8622,Fahrenheit 9/11 (2004),Documentary|Indie|War
8623,Roxanne (1987),Comedy|Romance
8626,Dr. Terror's House of Horrors (1965),Horror|Sci-Fi
8632,Secret Society (2002),Comedy
8633,"Last Starfighter, The (1984)",Action|Adventure|Comedy|Sci-Fi
8636,Spider-Man 2 (2004),Action|Adventure|Sci-Fi|IMAX
8638,Before Sunset (2004),Drama|Romance
8640,King Arthur (2004),Action|Adventure|Drama|War
8641,Anchorman: The Legend of Ron Burgundy (2004),Comedy
8643,"Cinderella Story, A (2004)",Comedy|Romance
8644,"I, Robot (2004)",Action|Adventure|Sci-Fi|Thriller
8645,"Maria Full of Grace (Maria, Llena eres de gracia) (2004)",Crime|Drama
8650,Long Day's Journey Into Night (1962),Drama
8656,"Short Film About Killing, A (Kr처tki film o zabijaniu) (1988)",Crime|Drama
8665,"Bourne Supremacy, The (2004)",Action|Crime|Thriller
8666,Catwoman (2004),Action|Crime|Fantasy
8667,A Home at the End of the World (2004),Drama|Romance
8670,"Testament of Dr. Mabuse, The (Das Testament des Dr. Mabuse) (1933)",Crime|Horror|Mystery|Thriller
8677,Flash Gordon Conquers the Universe (1940),Action|Sci-Fi
8684,"Man Escaped, A (Un  condamn챕 횪 mort s'est 챕chapp챕 ou Le vent souffle o첫 il veut) (1956)",Adventure|Drama
8685,"Miracle of Marcelino, The (Marcelino pan y vino) (1955)",Comedy|Drama
8690,Slaughterhouse-Five (1972),Comedy|Drama|Sci-Fi|War
8695,"Bachelor and the Bobby-Soxer, The (1947)",Comedy|Family
8711,Mr. Blandings Builds His Dream House (1948),Comedy|Drama
8712,My Favorite Wife (1940),Comedy|Romance
8713,"New Adventures of Pippi Longstocking, The (1988)",Adventure|Children|Fantasy|Musical
8714,Night and Day (1946),Drama|Musical
8718,"Snake Pit, The (1948)",Drama|Thriller
8720,"Super, The (1991)",Comedy
8724,"Leopard, The (Gattopardo, Il) (1963)",Drama|War
8727,"Day of the Locust, The (1975)",Drama|Horror
8730,To End All Wars (2001),Action|Drama|War
8738,"Woman Is a Woman, A (femme est une femme, Une) (1961)",Comedy|Drama|Musical|Romance
8743,Biggles (1986),Adventure|Fantasy|Sci-Fi
8748,"Yesterday, Today and Tomorrow (Ieri, oggi, domani) (1963)",Comedy
8753,Unprecedented: The 2000 Presidential Election (2002),Documentary|Indie
8754,"Prime of Miss Jean Brodie, The (1969)",Drama|Comedy|Romance
8755,My Voyage to Italy (Il mio viaggio in Italia) (1999),Documentary
8765,This Gun for Hire (1942),Crime|Film-Noir|Thriller
8771,Sherlock Holmes: Terror by Night (1946),Crime|Mystery|Thriller
8772,"Spy Who Came in from the Cold, The (1965)",Drama|Thriller
8773,Sherlock Holmes and the Secret Weapon (1942),Crime|Mystery|Thriller
8774,Sherlock Holmes: The Woman in Green (1945),Mystery
8778,Sherlock Holmes: Dressed to Kill (1946),Crime|Mystery
8781,"Manchurian Candidate, The (2004)",Thriller|War
8782,Thunderbirds (2004),Action|Adventure|Fantasy|Sci-Fi
8783,"Village, The (2004)",Drama|Mystery|Thriller
8784,Garden State (2004),Comedy|Drama|Romance
8795,Musa the Warrior (Musa) (2001),Action|Adventure|Drama|War
8796,"Funny Thing Happened on the Way to the Forum, A (1966)",Comedy|Musical
8798,Collateral (2004),Action|Crime|Drama|Thriller
8799,Little Black Book (2004),Comedy|Romance
8800,Code 46 (2003),Romance|Sci-Fi
8804,"Story of Women (Affaire de femmes, Une) (1988)",Drama
8807,Harold and Kumar Go to White Castle (2004),Adventure|Comedy
8808,"Princess Diaries 2: Royal Engagement, The (2004)",Comedy|Romance
8809,Danny Deckchair (2003),Comedy|Romance
8810,AVP: Alien vs. Predator (2004),Action|Horror|Sci-Fi|Thriller
8813,We Don't Live Here Anymore (2004),Drama|Romance
8814,Without a Paddle (2004),Comedy|Adventure
8815,Exorcist: The Beginning (2004),Horror|Thriller
8827,"Bill Cosby, Himself (1983)",Comedy|Documentary
8830,Anacondas: The Hunt for the Blood Orchid (2004),Adventure|Drama|Horror|Sci-Fi|Thriller
8831,Suspect Zero (2004),Crime|Thriller
8832,Warriors of Heaven and Earth (Tian di ying xiong) (2003),Action|Adventure|Drama
8833,Vanity Fair (2004),Drama|Romance
8835,Paparazzi (2004),Drama|Thriller
8836,Wicker Park (2004),Drama|Romance|Thriller
8838,Alice Doesn't Live Here Anymore (1974),Drama|Romance
8840,Who's That Knocking at My Door? (1967),Drama|Romance|Comedy
8844,Camera Buff (Amator) (1979),Drama|Comedy|Romance
8848,"Vitelloni, I (a.k.a. The Young and the Passionate) (1953)",Drama|Comedy
8860,Cellular (2004),Action|Crime|Drama|Mystery|Thriller
8861,Resident Evil: Apocalypse (2004),Action|Horror|Sci-Fi|Thriller
8864,Mr. 3000 (2004),Comedy|Drama
8865,Sky Captain and the World of Tomorrow (2004),Action|Adventure|Sci-Fi
8866,Wimbledon (2004),Comedy|Romance
8869,First Daughter (2004),Comedy|Romance
8870,"Forgotten, The (2004)",Drama|Mystery|Sci-Fi|Thriller
8873,"Motorcycle Diaries, The (Diarios de motocicleta) (2004)",Adventure|Drama
8874,Shaun of the Dead (2004),Comedy|Horror
8875,"Come Back, Little Sheba (1952)",Drama
8879,Murder on the Orient Express (1974),Crime|Mystery|Thriller
8880,Mask (1985),Drama
8894,Orca: The Killer Whale (1977),Action|Drama|Horror|Thriller
8905,1492: Conquest of Paradise (1992),Adventure|Drama
8906,Cannibal Holocaust (1980),Horror|Adventure
8907,Shark Tale (2004),Animation|Children|Comedy
8908,Ladder 49 (2004),Action|Drama|Thriller
8910,I Heart Huckabees (2004),Comedy|Indie
8911,Raise Your Voice (2004),Romance|Musical|Family
8912,Taxi (2004),Action|Comedy
8914,Primer (2004),Drama|Sci-Fi
8915,Stage Beauty (2004),Drama|Romance|Comedy
8916,Shall We Dance? (2004),Comedy|Romance
8917,Team America: World Police (2004),Action|Adventure|Animation|Comedy
8918,Eulogy (2004),Comedy|Crime|Drama
8919,P.S. (2004),Comedy|Drama|Fantasy|Romance
8920,"Country Girl, The (1954)",Drama|Musical
8921,"Rose Tattoo, The (1955)",Drama|Romance
8928,"Fearless Vampire Killers, The (1967)",Comedy|Horror
8933,"Decline of the American Empire, The (D챕clin de l'empire am챕ricain, Le) (1986)",Comedy|Drama
8934,Bebe's Kids (1992),Animation|Children|Comedy
8937,Friday Night Lights (2004),Action|Drama
8938,Tarnation (2003),Documentary|Drama
8939,"Final Cut, The (2004)",Sci-Fi|Thriller
8943,Being Julia (2004),Comedy|Drama
8946,Surviving Christmas (2004),Comedy|Romance
8947,"Grudge, The (2004)",Horror|Mystery|Thriller
8948,Alfie (2004),Comedy|Drama|Romance
8949,Sideways (2004),Comedy|Drama|Romance
8950,The Machinist (2004),Drama|Mystery|Thriller
8951,Vera Drake (2004),Drama|Thriller|Crime
8952,Falling Angels (2003),Drama|Indie
8954,Lightning in a Bottle (2004),Documentary|Musical
8955,Undertow (2004),Crime|Drama|Thriller
8957,Saw (2004),Horror|Mystery|Thriller
8958,Ray (2004),Drama|Musical
8959,Birth (2004),Drama|Mystery
8961,"Incredibles, The (2004)",Action|Adventure|Animation|Children|Comedy
8964,Callas Forever (2002),Drama|Romance
8965,"Polar Express, The (2004)",Adventure|Animation|Children|Fantasy|IMAX
8966,Kinsey (2004),Drama
8967,Seed of Chucky (Child's Play 5) (2004),Comedy|Horror
8968,After the Sunset (2004),Action|Adventure|Comedy|Crime|Thriller
8969,Bridget Jones: The Edge of Reason (2004),Comedy|Drama|Romance
8970,Finding Neverland (2004),Drama|Family
8972,National Treasure (2004),Action|Adventure|Drama|Mystery|Thriller
8973,Bad Education (La mala educaci처n) (2004),Drama|Thriller
8974,"SpongeBob SquarePants Movie, The (2004)",Adventure|Animation|Children|Comedy
8977,Alexander (2004),Action|Adventure|Drama|War
8978,Christmas with the Kranks (2004),Children|Comedy
8979,Guerrilla: The Taking of Patty Hearst (2004),Documentary|Mystery|History
8981,Closer (2004),Drama|Romance
8982,I Am David (2003),Drama|Adventure
8983,House of Flying Daggers (Shi mian mai fu) (2004),Action|Drama|Romance
8984,Ocean's Twelve (2004),Action|Comedy|Crime|Thriller
8985,Blade: Trinity (2004),Action|Fantasy|Horror|Thriller
8987,Bush's Brain (2004),Documentary
8989,Damn Yankees! (1958),Comedy|Musical
8998,That's Entertainment (1974),Documentary|Musical
9004,D.A.R.Y.L. (1985),Adventure|Children|Sci-Fi
9005,Fire in the Sky (1993),Drama|Mystery|Sci-Fi
9008,"Invisible Man Returns, The (1940)",Horror|Sci-Fi
9010,Love Me If You Dare (Jeux d'enfants) (2003),Drama|Romance
9018,Control Room (2004),Documentary|War
25746,"Hunchback of Notre Dame, The (1923)",Drama|Horror
25750,Sherlock Jr. (1924),Comedy|Fantasy|Romance
25752,"Freshman, The (1925)",Comedy
25753,Greed (1924),Drama|Thriller|Western
25757,"Jazz Singer, The (1927)",Drama|Musical|Romance
25769,"Steamboat Bill, Jr. (1928)",Comedy|Romance
25771,"Andalusian Dog, An (Chien andalou, Un) (1929)",Fantasy|Horror
25773,Little Caesar (1931),Crime|Drama
25782,Boudu Saved From Drowning (Boudu sauv챕 des eaux) (1932),Comedy
25788,Scarface (1932),Crime|Drama
25795,Dinner at Eight (1933),Comedy|Drama|Romance
25797,Gold Diggers of 1933 (1933),Musical|Comedy
25805,"Atalante, L' (1934)",Comedy|Drama|Romance
25825,Fury (1936),Drama|Film-Noir
25826,Libeled Lady (1936),Comedy|Romance
25827,Mr. Deeds Goes to Town (1936),Comedy|Romance
25833,Camille (1936),Drama|Romance
25834,Captains Courageous (1937),Adventure|Drama
25841,Stage Door (1937),Drama|Comedy
25850,Holiday (1938),Comedy|Drama|Romance
25855,"Roaring Twenties, The (1939)",Crime|Drama|Thriller
25856,Wuthering Heights (1939),Drama|Romance
25865,"Letter, The (1940)",Drama|Film-Noir
25870,Here Comes Mr. Jordan (1941),Comedy|Fantasy|Romance
25886,Random Harvest (1942),Drama|Romance
25887,Tales of Manhattan (1942),Comedy|Drama
25898,Day of Wrath (Vredens dag) (1943),Drama|Horror
25905,"Miracle of Morgan's Creek, The (1944)",Comedy|Romance
25906,Mr. Skeffington (1944),Drama|Romance
25923,Great Expectations (1946),Drama|Romance
25927,"Stranger, The (1946)",Drama|Film-Noir|Thriller
25937,Easter Parade (1948),Musical|Romance
25940,"Lady from Shanghai, The (1947)",Drama|Film-Noir|Mystery
25946,"Three Musketeers, The (1948)",Action|Adventure|Drama|Romance
25947,Unfaithfully Yours (1948),Comedy|Thriller
25952,"Letter to Three Wives, A (1949)",Comedy|Drama
25959,Annie Get Your Gun (1950),Comedy|Musical|Romance|Western
25962,King Solomon's Mines (1950),Action|Adventure|Romance
25963,"Young and the Damned, The (Olvidados, Los) (1950)",Crime|Drama
25996,"Star Is Born, A (1954)",Drama|Musical
25999,The Wild One (1953),Drama|Crime|Thriller
26002,Confidential Report (1955),Crime|Drama|Mystery|Thriller
26003,Night and Fog (Nuit et brouillard) (1955),Crime|Documentary|War
26038,Teacher's Pet (1958),Comedy|Romance
26048,"Human Condition II, The (Ningen no joken II) (1959)",Drama|War
26052,Pickpocket (1959),Crime|Drama
26059,When a Woman Ascends the Stairs (Onna ga kaidan wo agaru toki) (1960),Drama
26073,"Human Condition III, The (Ningen no joken III) (1961)",Drama|War
26078,Advise and Consent (1962),Drama|Thriller
26082,Harakiri (Seppuku) (1962),Drama|Action
26084,"Music Man, The (1962)",Children|Comedy|Musical|Romance
26085,Mutiny on the Bounty (1962),Adventure|Drama|Romance
26095,"Carabineers, The (Carabiniers, Les) (1963)",Comedy|Drama|War
26116,"Hush... Hush, Sweet Charlotte (1964)",Horror|Thriller
26122,Onibaba (1964),Drama|Horror|War
26124,Robinson Crusoe on Mars (1964),Sci-Fi|Adventure
26131,"Battle of Algiers, The (La battaglia di Algeri) (1966)",Drama|War
26133,"Charlie Brown Christmas, A (1965)",Animation|Children|Comedy
26142,Major Dundee (1965),Adventure|War|Western
26147,"Thousand Clowns, A (1965)",Comedy|Drama|Romance
26150,Andrei Rublev (Andrey Rublyov) (1969),Drama|War
26151,Au Hasard Balthazar (1966),Crime|Drama
26152,Batman (1966),Action|Adventure|Comedy
26158,Closely Watched Trains (Ostre sledovan챕 vlaky) (1966),Comedy|Drama|War
26159,Tokyo Drifter (T척ky척 nagaremono) (1966),Action|Crime|Drama
26169,Branded to Kill (Koroshi no rakuin) (1967),Action|Crime|Drama
26171,Play Time (a.k.a. Playtime) (1967),Comedy
26172,Point Blank (1967),Action|Crime|Drama|Thriller
26176,Titicut Follies (1967),Documentary|Drama
26183,Asterix and Cleopatra (Ast챕rix et Cl챕op창tre) (1968),Action|Adventure|Animation|Children|Comedy
26184,"Diamond Arm, The (Brilliantovaya ruka) (1968)",Action|Adventure|Comedy|Crime|Thriller
26195,Sympathy for the Devil (1968),Documentary|Musical
26198,"Yours, Mine and Ours (1968)",Children|Comedy
26225,"Claire's Knee (Genou de Claire, Le) (1970)",Comedy|Romance
26231,Performance (1970),Crime|Drama|Thriller
26236,"White Sun of the Desert, The (Beloe solntse pustyni) (1970)",Action|Adventure|Comedy|Drama|Romance|War
26237,Zabriskie Point (1970),Drama|Romance
26242,Duel (1971),Action|Mystery|Thriller
26249,They Call Me Trinity (1971),Comedy|Western
26258,"Topo, El (1970)",Fantasy|Western
26265,Dr. Phibes Rises Again (1972),Adventure|Comedy|Horror|Romance
26283,Charley Varrick (1973),Crime|Drama|Thriller
26285,Dark Star (1974),Comedy|Sci-Fi|Thriller
26303,Sisters (1973),Horror|Thriller
26308,Turkish Delight (Turks fruit) (1973),Drama|Romance
26313,California Split (1974),Comedy|Drama
26317,Emmanuelle (1974),Drama|Romance
26322,Gone in 60 Seconds (1974),Action|Crime|Drama
26326,"Holy Mountain, The (Monta챰a sagrada, La) (1973)",Drama|Fantasy|Adventure
26340,"Twelve Tasks of Asterix, The (Les douze travaux d'Ast챕rix) (1976)",Action|Adventure|Animation|Children|Comedy|Fantasy
26344,French Connection II (1975),Action|Crime|Drama|Thriller
26347,"Irony of Fate, or Enjoy Your Bath! (Ironiya sudby, ili S legkim parom!) (1975)",Comedy|Drama|Romance
26350,"Passenger, The (Professione: reporter) (1975)",Drama|Thriller
26357,Trilogy of Terror (1975),Horror|Thriller
26359,1900 (Novecento) (1976),Drama|War
26365,Futureworld (1976),Sci-Fi|Thriller
26366,Harlan County U.S.A. (1976),Documentary
26375,Silver Streak (1976),Action|Comedy|Crime
26386,High Anxiety (1977),Comedy|Thriller
26391,"New York, New York (1977)",Drama|Musical|Romance
26394,"Turning Point, The (1977)",Drama|Romance
26399,Five Deadly Venoms (1978),Action|Thriller
26401,Last Hurrah for Chivalry (Hao xia) (1979),Action|Drama
26409,"Clonus Horror, The (1979)",Horror|Sci-Fi
26413,Snake in the Eagle's Shadow (Se ying diu sau) (1978),Action|Comedy
26422,Hair (1979),Comedy|Drama|Musical
26429,Love at First Bite (1979),Comedy|Horror|Romance
26444,"Hitch Hikers Guide to the Galaxy, The (1981)",Adventure|Comedy|Sci-Fi
26453,Smiley's People (1982),Drama|Mystery
26464,Blue Thunder (1983),Action|Crime|Drama
26467,"Day After, The (1983)",Drama|Sci-Fi
26471,Eddie Murphy Delirious (1983),Comedy|Documentary
26472,"Norte, El (1984)",Adventure|Drama
26492,Twilight Zone: The Movie (1983),Fantasy|Horror|Sci-Fi|Thriller
26498,Boy Meets Girl (1984),Drama|Romance
26504,Cloak & Dagger (1984),Action|Adventure|Children|Crime|Mystery|Thriller
26510,"Ewok Adventure, The (a.k.a. Caravan of Courage: An Ewok Adventure) (1984)",Adventure|Children|Fantasy|Sci-Fi
26523,"Silent Night, Deadly Night (1984)",Horror|Thriller
26524,"Times of Harvey Milk, The (1984)",Documentary|Drama
26527,What Have I Done to Deserve This? (쩔Qu챕 he hecho yo para merecer esto!!) (1984),Comedy|Drama
26528,Anne of Green Gables (1985),Children|Drama
26539,Death of a Salesman (1985),Drama|Family
26542,Ewoks: The Battle for Endor (1985),Adventure|Children|Fantasy|Sci-Fi
26547,Police Story (Ging chaat goo si) (1985),Action|Comedy|Crime|Thriller
26554,"Quiet Earth, The (1985)",Drama|Mystery|Sci-Fi
26555,Spies Like Us (1985),Comedy|Adventure
26562,White Nights (1985),Drama|Thriller
26564,'Round Midnight (1986),Drama|Musical
26567,Club Paradise (1986),Comedy|Drama
26578,"Sacrifice, The (Offret - Sacraficatio) (1986)",Drama
26585,"Better Tomorrow, A (Ying hung boon sik) (1986)",Crime|Drama|Thriller
26587,"Decalogue, The (Dekalog) (1989)",Crime|Drama|Romance
26590,G.I. Joe: The Movie (1987),Action|Adventure|Animation|Children|Fantasy|Sci-Fi
26593,Hell Comes to Frogtown (1988),Action|Comedy|Sci-Fi
26599,"Law of Desire (Ley del deseo, La) (1987)",Comedy|Drama|Romance
26603,Prince of Darkness (1987),Fantasy|Horror|Sci-Fi|Thriller
26606,"Chinese Ghost Story, A (Sinnui yauwan) (1987)",Action|Fantasy|Horror|Romance
26612,"Better Tomorrow II, A (Ying hung boon sik II) (1987)",Crime|Drama|Thriller
26614,"Bourne Identity, The (1988)",Action|Adventure|Drama|Mystery|Thriller
26622,Dominick and Eugene (1988),Drama
26629,Killer Klowns from Outer Space (1988),Comedy|Horror|Sci-Fi
26630,Moonwalker (1988),Musical|Fantasy
26631,Alice (Neco z Alenky) (1988),Animation|Fantasy|Mystery
26645,Life Is a Long Quiet River (La vie est un long fleuve tranquille) (1988),Comedy
26649,Lonesome Dove (1989),Adventure|Drama|Western
26662,Kiki's Delivery Service (Majo no takky청bin) (1989),Adventure|Animation|Children|Drama|Fantasy
26676,Almost an Angel (1990),Comedy|Fantasy
26680,Cry-Baby (1990),Comedy|Musical|Romance
26681,Bullet in the Head (1990),Action|Drama|War
26686,Ghost Dad (1990),Comedy|Fantasy
26693,It (1990),Drama|Fantasy|Horror|Mystery|Thriller
26694,Ju Dou (1990),Drama|Horror|Romance
26695,"Krays, The (1990)",Drama|Crime|Thriller
26696,Lionheart (1990),Action|Sports
26700,Nuns on the Run (1990),Comedy|Crime
26701,Patlabor: The Movie (Kid척 keisatsu patoreb창: The Movie) (1989),Action|Animation|Crime|Drama|Film-Noir|Mystery|Sci-Fi|Thriller
26704,State of Grace (1990),Crime|Drama|Thriller
26712,35 Up (1991),Documentary
26713,Days of Being Wild (A Fei jingjyuhn) (1990),Drama|Romance
26717,Begotten (1990),Drama|Horror
26726,Dutch (1991),Comedy|Drama
26729,Hearts of Darkness: A Filmmaker's Apocalypse (1991),Documentary
26732,Johnny Stecchino (1991),Comedy
26736,Riki-Oh: The Story of Ricky (Lik Wong) (1991),Action|Crime|Thriller
26741,Mannequin 2: On the Move (1991),Comedy|Fantasy|Romance
26743,Only Yesterday (Omohide poro poro) (1991),Animation|Drama
26745,Other People's Money (1991),Comedy|Drama|Romance
26750,Quigley Down Under (1990),Adventure|Drama|Western
26761,Prime Suspect 2 (1992),Crime|Drama|Mystery|Romance|Thriller
26764,Captain America (1990),Action|Fantasy|Sci-Fi|Thriller|War
26765,City Hunter (Sing si lip yan) (1993),Action|Comedy|Romance
26776,Porco Rosso (Crimson Pig) (Kurenai no buta) (1992),Adventure|Animation|Comedy|Fantasy|Romance
26777,"Stolen Children (Ladro di bambini, Il) (1992)",Drama|Crime
26778,Ladybugs (1992),Comedy|Sports
26782,"Mambo Kings, The (1992)",Drama|Musical
26791,Shining Through (1992),Drama|Romance|Thriller|War
26792,Sidekicks (1992),Action|Adventure|Children|Comedy
26796,"Heart in Winter, A (Un coeur en hiver) (1992)",Drama|Romance
26797,Visions of Light: The Art of Cinematography (1992),Documentary|Indie
26810,Bad Boy Bubby (1993),Drama|Crime|Comedy
26812,Barbarians at the Gate (1993),Drama|Comedy
26819,Fortress (1992),Action|Sci-Fi
26828,Mr. Nanny (1993),Action|Children|Comedy
26838,"Snapper, The (1993)",Comedy|Drama
26840,Sonatine (Sonachine) (1993),Action|Comedy|Crime|Drama
26849,"Stand, The (1994)",Adventure|Drama|Fantasy|Horror|Sci-Fi
26854,"Darkman II: Return of Durant, The (1995)",Action|Crime|Horror
26861,Freaked (1993),Comedy|Sci-Fi
26865,Fist of Legend (Jing wu ying xiong) (1994),Action|Drama
26870,Major League II (1994),Comedy|Sports
26871,My Father the Hero (1994),Comedy|Romance
26875,"Pure Formality, A (Pura formalit횪, Una) (1994)",Crime|Film-Noir|Mystery|Thriller
26887,"Langoliers, The (1995)",Drama|Fantasy|Horror|Mystery|Sci-Fi|Thriller
26900,"Last Wedding, The (Kivenpy철ritt채j채n kyl채) (1995)",Comedy|Drama
26901,Last of the Dogmen (1995),Adventure|Western
26903,Whisper of the Heart (Mimi wo sumaseba) (1995),Animation|Drama|Romance
26913,Street Fighter II: The Animated Movie (Sutor챤to Fait창 II gekij척-ban) (1994),Action|Animation
26928,"Summer's Tale, A (Conte d'챕t챕) (1996)",Comedy|Drama|Romance
26940,"Late Shift, The (1996)",Comedy
26947,Pusher (1996),Crime|Thriller
26958,Emma (1996),Romance|Comedy
26965,"Boxer, The (1997)",Drama|Thriller
26974,Gummo (1997),Drama|Comedy
26985,Nirvana (1997),Action|Sci-Fi
26999,"Lion King II: Simba's Pride, The (1998)",Adventure|Animation|Children|Musical|Romance
27002,From the Earth to the Moon (1998),Action|Documentary|Drama|Thriller
27003,Beowulf (1999),Action|Horror|Sci-Fi
27006,RKO 281 (1999),Drama|Indie
27008,From Dusk Till Dawn 2: Texas Blood Money (1999) ,Comedy|Crime|Horror
27020,Gia (1998),Drama|Romance
27022,Thursday (1998),Action|Crime|Thriller
27032,Who Am I? (Wo shi shei) (1998),Action|Adventure|Comedy|Sci-Fi|Thriller
27036,Merlin (1998),Action|Adventure|Drama|Fantasy|Romance
27074,Brave New World (1998),Sci-Fi|Fantasy
27075,Addams Family Reunion (1998),Children|Comedy|Fantasy
27105,Purgatory (1999),Fantasy|Western
27124,Bleeder (1999),Drama|Thriller
27134,Dark Portals: The Chronicles of Vidocq  (Vidocq) (2001),Action|Crime|Fantasy
27140,Candyman 3: Day of the Dead (1999),Horror
27155,"Batman/Superman Movie, The (1998)",Action|Adventure|Animation|Children|Fantasy|Sci-Fi
27156,"Neon Genesis Evangelion: The End of Evangelion (Shin seiki Evangelion Gekij척-ban: Air/Magokoro wo, kimi ni) (1997)",Action|Animation|Drama|Fantasy|Sci-Fi
27176,Style Wars (1983),Documentary|Musical
27178,In July (Im Juli) (2000),Comedy|Romance
27186,Kirikou and the Sorceress (Kirikou et la sorci챔re) (1998),Adventure|Animation|Children|Fantasy
27193,Taxi 2 (2000),Action|Comedy
27246,If These Walls Could Talk 2 (2000),Drama|Romance
27251,"10th Kingdom, The (2000)",Adventure|Comedy|Fantasy
27255,"Wind Will Carry Us, The (Bad ma ra khahad bord) (1999)",Drama|Comedy
27266,2046 (2004),Drama|Fantasy|Romance|Sci-Fi
27306,Bartleby (2001),Comedy|Drama
27311,Batman Beyond: Return of the Joker (2000),Action|Animation|Crime|Sci-Fi|Thriller
27317,Audition (횚dishon) (1999),Drama|Horror|Mystery|Romance|Thriller
27320,"Nine Lives of Tomas Katz, The (2000)",Comedy|Drama|Fantasy
27328,Monday (2000),Action|Comedy|Crime|Fantasy|Thriller
27329,Paradise Lost 2: Revelations (2000),Documentary|Crime
27368,Asterix & Obelix: Mission Cleopatra (Ast챕rix & Ob챕lix: Mission Cl챕op창tre) (2002),Adventure|Comedy|Fantasy
27369,Daria: Is It Fall Yet? (2000),Animation|Comedy
27370,Late Night Shopping (2001),Comedy|Indie
27373,61* (2001),Drama|Sports|History
27397,Joint Security Area (Gongdong gyeongbi guyeok JSA) (2000),Crime|Drama|Mystery|Thriller|War
27408,Ripley's Game (2002),Drama|Thriller
27416,Jalla! Jalla! (2000),Comedy|Drama|Romance
27420,Teknolust (2002),Comedy|Drama|Romance|Sci-Fi
27426,"Accidental Spy, The (Dak miu mai shing) (2001)",Action|Comedy|Thriller
27434,Darkness (2002),Horror|Mystery
27441,Blood: The Last Vampire (2000),Action|Animation|Horror
27450,Blueberry (2004),Adventure|Western
27473,American Psycho II: All American Girl (2002),Comedy|Crime|Horror|Mystery|Thriller
27478,Ali G Indahouse (2002),Comedy|Drama
27480,Dead or Alive 2: T척b척sha (2000),Action|Crime|Thriller
27482,Cube 2: Hypercube (2002),Horror|Mystery|Sci-Fi
27491,Pulse (Kairo) (2001),Horror|Mystery|Thriller
27513,Dog Days (Hundstage) (2001),Drama|Documentary
27523,My Sassy Girl (Yeopgijeogin geunyeo) (2001),Comedy|Romance
27537,Nothing (2003),Comedy|Fantasy|Mystery|Sci-Fi
27539,Undertaking Betty (Plots with a View) (2002),Comedy|Romance
27549,Dead or Alive: Final (2002),Comedy|Crime|Drama|Sci-Fi|Thriller
27555,Fubar (2002),Comedy|Indie
27563,"Happiness of the Katakuris, The (Katakuri-ke no k척fuku) (2001)",Comedy|Horror|Musical
27584,Dead End (2003),Comedy|Horror|Mystery|Thriller
27592,Sympathy for Mr. Vengeance (Boksuneun naui geot) (2002),Crime|Drama
27595,Jesus Christ Vampire Hunter (2001),Action|Comedy|Horror|Musical
27604,Suicide Club (Jisatsu saakuru) (2001),Horror|Mystery|Thriller
27611,Battlestar Galactica (2003),Drama|Sci-Fi|War
27618,"Sound of Thunder, A (2005)",Action|Adventure|Drama|Sci-Fi|Thriller
27619,"Lion King 1쩍, The (2004)",Adventure|Animation|Children|Comedy
27627,Oasis (2002),Drama|Romance
27644,Remember Me (Ricordati di me) (2003),Comedy|Drama|Romance
27660,"Animatrix, The (2003)",Action|Animation|Drama|Sci-Fi
27664,"Brown Bunny, The (2003)",Drama
27667,Ju-on: The Curse (2000),Horror|Mystery
27674,11:14 (2003),Comedy|Crime|Drama|Mystery|Thriller
27683,Tremors 4: The Legend Begins (2004),Action|Comedy|Horror|Sci-Fi|Thriller|Western
27685,Bring It On Again (2004),Comedy|Sports
27689,"Crimson Rivers 2: Angels of the Apocalypse (Rivi챔res pourpres II - Les anges de l'apocalypse, Les) (2004)",Action|Crime|Thriller
27692,And Starring Pancho Villa as Himself (2003),Action|Comedy|Drama|War
27695,Nicotina (2003),Action|Comedy|Drama
27704,Battle Royale 2: Requiem (Batoru rowaiaru II: Chinkonka) (2003),Action|Drama|Thriller|War
27705,In Hell (2003),Action|Drama|Thriller
27706,Lemony Snicket's A Series of Unfortunate Events (2004),Adventure|Children|Comedy|Fantasy
27708,Helen of Troy (2003),Action|Adventure|Drama|Romance
27716,"Green Butchers, The (Gr첩nne slagtere, De) (2003)",Comedy|Crime|Drama|Romance
27721,"Very Long Engagement, A (Un long dimanche de fian챌ailles) (2004)",Drama|Mystery|Romance|War
27722,Last Life in the Universe (Ruang rak noi nid mahasan) (2003),Drama|Romance
27728,Ghost in the Shell 2: Innocence (a.k.a. Innocence) (Inosensu) (2004),Action|Animation|Drama|Sci-Fi|Thriller
27731,"Cat Returns, The (Neko no ongaeshi) (2002)",Adventure|Animation|Children|Fantasy
27741,"Twilight Samurai, The (Tasogare Seibei) (2002)",Drama|Romance
27744,"Facing Windows (Finestra di fronte, La) (2003)",Drama|Romance
27746,Ginger Snaps: Unleashed (2004),Horror|Thriller
27751,'Salem's Lot (2004),Drama|Horror|Mystery|Thriller
27762,Comic Book: The Movie (2004),Comedy|Thriller
27768,Intimate Strangers (Confidences trop intimes) (2004),Drama|Thriller|Romance
27769,Down to the Bone (2004),Drama|Indie
27772,Ju-on: The Grudge (2002),Horror|Mystery
27773,Old Boy (2003),Mystery|Thriller
27776,Red Lights (Feux rouges) (2004),Drama|Crime|Thriller
27778,Ginger Snaps Back: The Beginning (2004),Fantasy|Horror
27784,One Missed Call (Chakushin ari) (2003),Horror|Mystery
27788,"Jacket, The (2005)",Drama|Mystery|Sci-Fi|Thriller
27790,Millions (2004),Children|Comedy|Crime|Drama|Fantasy
27793,Starship Troopers 2: Hero of the Federation (2004),Action|Horror|Sci-Fi|War
27801,Ong-Bak: The Thai Warrior (Ong Bak) (2003),Action|Thriller
27802,Infernal Affairs 2 (Mou gaan dou II) (2003),Action|Crime|Drama|Thriller
27803,"Sea Inside, The (Mar adentro) (2004)",Drama
27808,Spanglish (2004),Comedy|Drama|Romance
27815,"Chorus, The (Choristes, Les) (2004)",Drama|Musical
27816,Saints and Soldiers (2003),Action|Adventure|Drama|War
27820,"Story of the Weeping Camel, The (Geschichte vom weinenden Kamel, Die) (2003)",Documentary|Drama
27821,"Interpreter, The (2005)",Drama|Thriller
27822,Open Water (2003),Drama|Thriller
27826,Touch of Pink (2004),Comedy|Drama|Romance
27829,Slasher (2004),Documentary
27830,"Bobby Jones, Stroke of Genius (2004)",Drama|Sports|Romance
27831,Layer Cake (2004),Crime|Drama|Thriller
27834,"Return, The (Vozvrashcheniye) (2003)",Drama
27837,Flight of the Phoenix (2004),Action|Adventure
27838,Mean Creek (2004),Drama|Thriller
27839,"Ring Two, The (2005)",Drama|Horror|Mystery|Thriller
27846,"Corporation, The (2003)",Documentary
27850,"Yes Men, The (2003)",Documentary
27865,Azumi (2003),Action|Adventure|Drama|Thriller
27866,In My Father's Den (2004),Drama|Thriller|Crime
27869,Tae Guk Gi: The Brotherhood of War (Taegukgi hwinalrimyeo) (2004),Action|Drama|War
27873,Metallica: Some Kind of Monster (2004),Documentary|Musical
27878,Born into Brothels (2004),Documentary
27879,DiG! (2004),Documentary
27882,Riding Giants (2004),Documentary|Sports
27899,What the #$*! Do We Know!? (a.k.a. What the Bleep Do We Know!?) (2004),Comedy|Documentary|Drama
27904,"Scanner Darkly, A (2006)",Animation|Drama|Mystery|Sci-Fi|Thriller
27905,Casshern (2004),Action|Drama|Fantasy|Sci-Fi
27912,Outfoxed: Rupert Murdoch's War on Journalism (2004),Documentary
30707,Million Dollar Baby (2004),Drama|Sports
30745,Gozu (Gokud척 ky척fu dai-gekij척: Gozu) (2003),Comedy|Crime|Drama|Horror|Mystery
30749,Hotel Rwanda (2004),Drama|War
30793,Charlie and the Chocolate Factory (2005),Adventure|Children|Comedy|Fantasy|IMAX
30803,3-Iron (Bin-jip) (2004),Drama|Romance
30810,"Life Aquatic with Steve Zissou, The (2004)",Adventure|Comedy|Fantasy
30812,"Aviator, The (2004)",Drama|Adventure
30816,"Phantom of the Opera, The (2004)",Drama|Musical|Romance
30818,Beyond the Sea (2004),Drama|Musical
30820,"Woodsman, The (2004)",Drama
30822,In Good Company (2004),Comedy|Drama
30825,Meet the Fockers (2004),Comedy|Romance
30846,"Assassination of Richard Nixon, The (2004)",Crime|Drama|Thriller
30848,"Love Song for Bobby Long, A (2004)",Drama
30850,"Merchant of Venice, The (2004)",Drama|Romance
30883,Fat Albert (2004),Comedy|Fantasy
30890,"Keys to the House, The (Chiavi di casa, Le) (2004)",Drama
30892,In the Realms of the Unreal (2004),Animation|Documentary
30894,White Noise (2005),Drama|Horror|Mystery|Sci-Fi|Thriller
30898,"Upside of Anger, The (2005)",Comedy|Drama|Romance
30994,Little Miss Marker (1980),Comedy|Drama
31000,Sweet Liberty (1986),Comedy
31030,I Remember Mama (1948),Children|Drama
31038,Smooth Talk (1985),Drama|Romance
31049,Out Cold (1989),Comedy|Thriller
31083,Man Trouble (1992),Comedy|Romance
31086,Battles Without Honor & Humanity (Jingi naki tatakai) (1973),Crime|Drama
31101,Stander (2003),Action|Crime|Drama
31114,Imaginary Heroes (2004),Comedy|Drama
31116,Sergeant York (1941),Drama|War
31123,Ruby & Quentin (Tais-toi!) (2003),Comedy|Crime
31150,Wizards (1977),Animation|Fantasy|Sci-Fi|War
31162,"Life and Death of Peter Sellers, The (2004)",Comedy|Drama
31184,Appleseed (Appurush챤do) (2004),Action|Animation|Fantasy|Sci-Fi
31193,"Many Adventures of Winnie the Pooh, The (1977)",Animation|Children|Musical
31221,Elektra (2005),Action|Adventure|Crime|Drama
31223,Racing Stripes (2005),Children|Comedy
31225,Coach Carter (2005),Drama|Sports
31260,Boys Town (1938),Drama
31297,Gold Diggers of 1935 (1935),Comedy|Musical
31309,Rocco and His Brothers (Rocco e i suoi fratelli) (1960),Crime|Drama
31364,Memories of Murder (Salinui chueok) (2003),Crime|Drama|Mystery|Thriller
31367,"Chase, The (1994)",Action|Adventure|Comedy|Crime|Romance|Thriller
31410,"Downfall (Untergang, Der) (2004)",Drama|War
31420,Assault on Precinct 13 (2005),Action|Crime|Drama|Thriller
31422,Are We There Yet? (2005),Children|Comedy
31424,Alone in the Dark (2005),Action|Horror|Sci-Fi|Thriller
31427,Hide and Seek (2005),Horror|Mystery|Thriller
31431,Boogeyman (2005),Drama|Horror|Mystery|Thriller
31433,"Wedding Date, The (2005)",Comedy|Romance
31435,Rory O'Shea Was Here (Inside I'm Dancing) (2004),Drama|Comedy
31437,Nobody Knows (Dare mo shiranai) (2004),Drama
31445,Employee of the Month (2004),Comedy|Drama
31522,"Marriage of Maria Braun, The (Ehe der Maria Braun, Die) (1979)",Drama|Romance|War
31545,"Trou, Le (Hole, The) (Night Watch, The) (1960)",Crime|Film-Noir
31553,Double Dragon (1994),Action|Adventure|Sci-Fi
31590,Hands Off the Loot (Touchez pas au grisbi) (1954),Crime|Drama|Thriller
31610,Purple Butterfly (Zi hudie) (2003),Drama|War
31617,El Cid (1961),Action|Adventure|Drama|Romance|War
31658,Howl's Moving Castle (Hauru no ugoku shiro) (2004),Adventure|Animation|Fantasy|Romance
31660,Steamboy (Such챤mub척i) (2004),Action|Animation|Drama|Sci-Fi
31664,Gorgeous (Boh lee chun) (1999),Action|Comedy|Romance
31685,Hitch (2005),Comedy|Romance
31692,Uncle Nino (2003),Comedy|Family
31694,Bride & Prejudice (2004),Comedy|Musical|Romance
31696,Constantine (2005),Action|Fantasy|Horror|Thriller
31698,Son of the Mask (2005),Adventure|Children|Comedy|Fantasy
31700,Because of Winn-Dixie (2005),Children|Comedy|Drama
31702,Turtles Can Fly (Lakposhtha h창m parvaz mikonand) (2004),Drama|War
31737,Bunny Lake Is Missing (1965),Mystery|Thriller
31804,Night Watch (Nochnoy dozor) (2004),Action|Fantasy|Horror|Mystery|Sci-Fi|Thriller
31851,Sons of the Desert (1933),Comedy|Slapstick
31867,Man of the House (2005),Action|Comedy
31878,Kung Fu Hustle (Gong fu) (2004),Action|Comedy
31903,Zelary (2003),Drama|Romance
31909,Dr. Giggles (1992),Comedy|Horror
31921,"Seven-Per-Cent Solution, The (1976)",Adventure|Comedy|Crime|Drama|Mystery|Thriller
31923,"Three Musketeers, The (1973)",Action|Adventure|Comedy
31925,Royal Flash (1975),Adventure|Comedy|Romance
31952,Control (Kontroll) (2003),Comedy|Crime|Drama|Mystery
31973,Germany Year Zero (Germania anno zero) (Deutschland im Jahre Null) (1948),Drama|War
32009,Tyler Perry's Diary of a Mad Black Woman (2005),Comedy|Drama|Romance
32011,Cursed (2005),Horror|Thriller
32017,"Pacifier, The (2005)",Action|Comedy
32019,Be Cool (2005),Comedy|Crime|Musical
32022,Gunner Palace (2004),Documentary|War
32029,Hostage (2005),Action|Crime|Drama|Thriller
32031,Robots (2005),Adventure|Animation|Children|Comedy|Fantasy|Sci-Fi|IMAX
32058,Class Action (1991),Drama|Thriller
32060,"Cat and the Canary, The (1927)",Horror|Mystery
32116,"Oh, God! You Devil (1984)",Comedy
32139,"Agony and the Ecstasy, The (1965)",Drama|History
32160,Twentieth Century (1934),Comedy|Romance
32179,Elevator to the Gallows (a.k.a. Frantic) (Ascenseur pour l'챕chafaud) (1958),Crime|Drama|Thriller
32213,Cube Zero (2004),Horror|Mystery|Sci-Fi|Thriller
32234,Julia (1977),Drama
32243,Stealing Rembrandt (Rembrandt) (2003),Action|Comedy|Crime
32289,Ice Princess (2005),Children|Comedy|Drama
32291,Melinda and Melinda (2004),Comedy|Drama
32294,Milk and Honey (2003),Drama
32296,Miss Congeniality 2: Armed and Fabulous (2005),Adventure|Comedy|Crime
32298,Guess Who (2005),Comedy|Romance
32300,D.E.B.S. (2004),Action|Comedy
32302,"League of Ordinary Gentlemen, A (2004)",Documentary
32314,Incident at Loch Ness (2004),Adventure|Comedy|Documentary
32371,Call Northside 777 (1948),Crime|Drama|Film-Noir
32387,"Sword of Doom, The (Dai-bosatsu t척ge) (1966)",Action|Drama
32392,800 Bullets (800 Balas) (2002),Comedy|Crime|Drama|Western
32440,If Looks Could Kill (1991),Action|Comedy
32442,Greedy (1994),Comedy
32456,"Pom Poko (a.k.a. Raccoon War, The) (Heisei tanuki gassen pompoko) (1994)",Animation|Comedy|Drama|Fantasy
32460,Knockin' on Heaven's Door (1997),Action|Comedy|Crime|Drama
32469,We're No Angels (1955),Comedy|Crime|Drama
32511,"Touch of Zen, A (Xia nu) (1971)",Action|Adventure
32515,Walker (1987),Adventure|Drama|War|Western
32554,Memories (Memor챤zu) (1995),Animation|Fantasy|Sci-Fi|Thriller
32582,"Wild Parrots of Telegraph Hill, The (2003)",Documentary|Indie
32584,"Ballad of Jack and Rose, The (2005)",Drama|Indie
32587,Sin City (2005),Action|Crime|Film-Noir|Mystery|Thriller
32589,Beauty Shop (2005),Comedy|Drama
32596,Sahara (2005),Action|Adventure|Comedy
32598,Fever Pitch (2005),Comedy|Romance
32600,Eros (2004),Drama|Romance
32620,Not on the Lips (Pas sur la bouche) (2003),Comedy|Musical|Romance
32632,Electra Glide in Blue (1973),Action|Crime
32649,"Special Day, A (Giornata particolare, Una) (1977)",Drama|War
32657,"Man Who Planted Trees, The (Homme qui plantait des arbres, L') (1987)",Animation|Drama
32659,Tanguy (2001),Comedy
32666,National Lampoon's Lady Killers (National Lampoon's Gold Diggers) (2003),Comedy
32728,"Little Girl Who Lives Down the Lane, The (1976)",Drama|Mystery|Thriller
32743,Ringu 0: B창sudei (2000),Drama|Horror|Thriller
32770,Brothers (Br첩dre) (2004),Drama|War
32799,Maidens in Uniform (M채dchen in Uniform) (1931),Drama|Romance
32862,With Six You Get Eggroll (1968),Comedy|Romance
32875,Holiday (Jour de f챗te) (1949),Comedy
32892,Ivan's Childhood (a.k.a. My Name is Ivan) (Ivanovo detstvo) (1962),Drama|War
32898,"Trip to the Moon, A (Voyage dans la lune, Le) (1902)",Action|Adventure|Fantasy|Sci-Fi
32906,"Ascent, The (Voskhozhdeniye) (1977)",Drama|War
32914,Carrie (2002),Drama|Horror|Thriller
32917,Boccaccio '70 (1962),Comedy|Fantasy|Romance
33004,"Hitchhiker's Guide to the Galaxy, The (2005)",Adventure|Comedy|Sci-Fi
33085,"Amityville Horror, The (2005)",Horror|Thriller
33090,Mutant Aliens (2001),Animation|Comedy|Sci-Fi
33124,Before the Fall (NaPolA - Elite f체r den F체hrer) (2004),Drama|War
33126,"Frisco Kid, The (1979)",Comedy|Western
33132,State Property 2 (2005),Action|Crime|Drama
33138,Palindromes (2004),Adventure|Comedy|Drama
33145,"Lot Like Love, A (2005)",Comedy|Drama|Romance
33148,King's Ransom (2005),Comedy|Crime
33154,Enron: The Smartest Guys in the Room (2005),Documentary|Indie
33158,xXx: State of the Union (2005),Action|Crime|Thriller
33162,Kingdom of Heaven (2005),Action|Drama|Romance|War
33164,House of Wax (2005),Horror|Thriller
33166,Crash (2004),Crime|Drama
33171,Mysterious Skin (2004),Drama|Mystery
33188,Mischief (1985),Comedy|Romance
33201,Between Your Legs (Entre las piernas) (1999),Drama|Mystery|Romance|Thriller
33237,San Francisco (1936),Drama|Musical|Romance
33294,Vampire Hunter D (1985),Animation|Fantasy|Horror
33310,"Common Thread, A (a.k.a. Sequins) (Brodeuses) (2004)",Drama|Romance
33312,"Cocoanuts, The (1929)",Comedy|Musical
33421,Dear Wendy (2005),Drama|Comedy
33435,Los Angeles Plays Itself (2003),Documentary|Indie
33437,Unleashed (Danny the Dog) (2005),Action|Crime|Drama|Thriller
33493,Star Wars: Episode III - Revenge of the Sith (2005),Action|Adventure|Sci-Fi
33495,Kicking & Screaming (2005),Comedy|Family
33499,Monster-in-Law (2005),Comedy|Romance
33558,"Snow Walker, The (2003)",Adventure|Drama
33564,Divorce - Italian Style (Divorzio all'italiana) (1961),Comedy
33615,Madagascar (2005),Adventure|Animation|Children|Comedy
33629,Airborne (1993),Adventure|Comedy
33639,Mad Hot Ballroom (2005),Children|Documentary
33644,Dominion: Prequel to the Exorcist (2005),Horror|Thriller
33646,"Longest Yard, The (2005)",Comedy|Drama
33649,Saving Face (2004),Comedy|Drama|Romance
33660,Cinderella Man (2005),Drama|Romance
33669,"Sisterhood of the Traveling Pants, The (2005)",Adventure|Comedy|Drama
33672,Lords of Dogtown (2005),Action|Comedy|Drama
33677,Rock School (2005),Documentary|Musical
33679,Mr. & Mrs. Smith (2005),Action|Adventure|Comedy|Romance
33681,"Adventures of Sharkboy and Lavagirl 3-D, The (2005)",Action|Adventure|Children|Fantasy
33683,High Tension (Haute tension) (Switchblade Romance) (2003),Horror|Thriller
33725,It's All Gone Pete Tong (2004),Comedy|Drama|Musical
33779,Eddie Izzard: Dress to Kill (1999),Comedy|Documentary
33781,Quo Vadis (1951),Drama|Romance
33794,Batman Begins (2005),Action|Crime|IMAX
33801,Godzilla: Final Wars (Gojira: Fainaru u척zu) (2004),Action|Adventure|Fantasy|Sci-Fi
33815,"Perfect Man, The (2005)",Comedy|Drama|Romance
33826,Saint Ralph (2004),Comedy|Drama
33830,Herbie: Fully Loaded (2005),Adventure|Comedy|Romance
33834,Land of the Dead (2005),Action|Horror|Thriller
33836,Bewitched (2005),Comedy|Fantasy|Romance
33838,Rize (2005),Documentary
33880,Me and You and Everyone We Know (2005),Comedy|Drama
33893,"Perfect Crime, The (Crimen Ferpecto) (Ferpect Crime) (2004)",Comedy|Crime|Thriller
33896,3 Extremes (Three... Extremes) (Saam gaang yi) (2004),Horror
33903,"Edukators, The (Die Fetten Jahre sind vorbei) (2004)",Comedy|Crime|Drama|Romance
33966,Cop and 쩍 (1993),Comedy
34018,At the Circus (1939),Comedy|Musical
34048,War of the Worlds (2005),Action|Adventure|Sci-Fi|Thriller
34072,"March of the Penguins (Marche de l'empereur, La) (2005)",Documentary|Drama
34129,Rebound (2005),Comedy|Family
34143,Dark Water (2005),Drama|Horror|Thriller
34148,"Beat That My Heart Skipped, The (battre mon coeur s'est arr챗t챕, De) (2005)",Drama|Musical|Crime
34150,Fantastic Four (2005),Action|Adventure|Sci-Fi
34153,Murderball (2005),Documentary|Sports
34162,Wedding Crashers (2005),Comedy|Romance
34164,Happy Endings (2005),Comedy|Drama
34271,Hustle & Flow (2005),Crime|Drama
34292,Hardware (1990),Action|Horror|Sci-Fi
34312,"Calcium Kid, The (2004)",Comedy|Sports
34319,"Island, The (2005)",Action|Sci-Fi|Thriller
34321,Bad News Bears (2005),Children|Comedy
34323,"Devil's Rejects, The (2005)",Action|Crime|Horror
34326,Last Days (2005),Drama|Musical
34330,November (2004),Drama|Mystery
34332,Sky High (2005),Action|Adventure|Children|Comedy
34334,Stealth (2005),Action|Adventure|Sci-Fi|Thriller
34336,Must Love Dogs (2005),Comedy|Romance
34338,"Aristocrats, The (2005)",Comedy|Documentary
34359,Georgy Girl (1966),Comedy|Romance
34397,"Order, The (2001)",Action|Adventure|Drama|Thriller
34405,Serenity (2005),Action|Adventure|Sci-Fi
34437,Broken Flowers (2005),Comedy|Drama
34450,Miracles - Mr. Canton and Lady Rose (1989),Action|Comedy|Crime|Drama
34482,"Browning Version, The (1951)",Drama
34520,"Dukes of Hazzard, The (2005)",Action|Adventure|Comedy
34523,The Chumscrubber (2005),Comedy|Drama
34528,Junebug (2005),Comedy|Drama
34530,Deuce Bigalow: European Gigolo (2005),Comedy|Drama
34532,"Skeleton Key, The (2005)",Drama|Horror|Mystery|Thriller
34534,Four Brothers (2005),Action|Crime|Drama
34536,The Great Raid (2005),Action|Drama|War
34540,Pretty Persuasion (2005),Comedy|Drama
34542,Grizzly Man (2005),Documentary|Drama
34800,Private Resort (1985),Comedy
34811,Pusher II: With Blood on My Hands (2004),Action|Crime|Drama|Thriller
35015,Duma (2005),Adventure|Drama
35347,Animal Farm (1954),Animation|Drama
35807,"Teahouse of the August Moon, The (1956)",Comedy|Drama
35836,"40-Year-Old Virgin, The (2005)",Comedy|Romance
35957,Red Eye (2005),Horror|Thriller
36276,Hidden (a.k.a. Cache) (Cach챕) (2005),Drama|Mystery|Thriller
36289,Asterix & Obelix vs. Caesar (Ast챕rix et Ob챕lix contre C챕sar) (1999),Adventure|Children|Comedy|Fantasy
36363,Kin-Dza-Dza! (1986),Comedy|Drama|Sci-Fi
36397,Valiant (2005),Adventure|Animation|Children|Comedy|Fantasy|War
36401,"Brothers Grimm, The (2005)",Comedy|Fantasy|Horror|Thriller
36477,"Baxter, The (2005)",Comedy|Drama|Romance
36509,"Cave, The (2005)",Action|Adventure|Horror|Mystery|Sci-Fi|Thriller
36517,"Constant Gardener, The (2005)",Drama|Thriller
36519,Transporter 2 (2005),Action|Crime|Thriller
36525,Just Like Heaven (2005),Comedy|Fantasy|Romance
36527,Proof (2005),Drama|Mystery|Thriller
36529,Lord of War (2005),Action|Crime|Drama|Thriller|War
36533,Cry_Wolf (a.k.a. Cry Wolf) (2005),Drama|Horror|Mystery|Thriller
36535,Everything Is Illuminated (2005),Comedy|Drama
36537,Thumbsucker (2005),Comedy|Drama
36708,Family Guy Presents Stewie Griffin: The Untold Story (2005),Adventure|Animation|Comedy
36850,Police Story 2 (Ging chaat goo si juk jaap) (1988),Action|Comedy|Crime|Thriller
36931,New Police Story (Xin jing cha gu shi) (2004),Action|Crime|Drama
37211,Go West (1940),Comedy|Musical|Western
37240,Why We Fight (2005),Documentary|War
37380,Doom (2005),Action|Horror|Sci-Fi
37382,Domino (2005),Crime|Drama|Thriller
37384,Waiting... (2005),Comedy|Indie
37386,Aeon Flux (2005),Action|Sci-Fi
37444,Frankenstein 90 (1984),Comedy|Horror|Romance
37475,"Unfinished Life, An (2005)",Drama
37477,"Man, The (2005)",Action|Comedy|Crime
37495,Survive Style 5+ (2004),Fantasy|Mystery|Romance|Thriller
37545,Woyzeck (1979),Drama|Crime
37720,"Exorcism of Emily Rose, The (2005)",Crime|Drama|Horror|Thriller
37727,Flightplan (2005),Action|Drama|Thriller
37729,Corpse Bride (2005),Animation|Comedy|Fantasy|Musical|Romance
37731,Green Street Hooligans (a.k.a. Hooligans) (2005),Crime|Drama
37733,"History of Violence, A (2005)",Action|Crime|Drama|Thriller
37736,Oliver Twist (2005),Drama|Adventure
37739,"Greatest Game Ever Played, The (2005)",Drama|Sports
37741,Capote (2005),Crime|Drama
37830,Final Fantasy VII: Advent Children (2004),Action|Adventure|Animation|Fantasy|Sci-Fi
37844,Roll Bounce (2005),Comedy|Drama|Romance
37853,Into the Blue (2005),Action|Adventure|Crime|Thriller
37857,MirrorMask (2005),Adventure|Children|Drama|Fantasy
38038,Wallace & Gromit in The Curse of the Were-Rabbit (2005),Adventure|Animation|Children|Comedy
38061,Kiss Kiss Bang Bang (2005),Comedy|Crime|Mystery|Thriller
38095,"Bittersweet Life, A (Dalkomhan insaeng) (2005)",Action|Crime|Drama
38159,"Short Film About Love, A (Kr처tki film o milosci) (1988)",Drama|Romance
38164,"All This, and Heaven Too (1940)",Drama|Romance
38198,Darwin's Nightmare (2004),Documentary
38294,Beowulf & Grendel (2005),Action|Adventure|Drama|Fantasy
38304,No Direction Home: Bob Dylan (2005),Documentary|Musical
38388,Goal! The Dream Begins (Goal!) (2005),Drama|Sports|Adventure
38583,"Wraith, The (1986)",Action|Horror|Sci-Fi|Thriller
38798,In Her Shoes (2005),Comedy|Drama
38886,"Squid and the Whale, The (2005)",Comedy|Drama
38992,Two for the Money (2005),Drama|Thriller|Sports
39183,Brokeback Mountain (2005),Drama|Romance
39231,Elizabethtown (2005),Comedy|Drama|Romance
39234,North Country (2005),Drama
39292,"Good Night, and Good Luck. (2005)",Crime|Drama
39307,Dreamer: Inspired by a True Story (2005),Children|Drama
39381,"Proposition, The (2005)",Crime|Drama|Western
39400,"Fog, The (2005)",Action|Horror|Mystery|Thriller
39414,Shopgirl (2005),Comedy|Drama|Romance
39427,Stay (2005),Thriller|Mystery
39435,"Legend of Zorro, The (2005)",Action|Adventure|Drama|Western
39444,"Weather Man, The (2005)",Comedy|Drama
39446,Saw II (2005),Horror|Thriller
39449,Prime (2005),Comedy|Drama|Romance
39516,Don't Move (Non ti muovere) (2004),Drama|Romance
39715,American Pie Presents: Band Camp (American Pie 4: Band Camp) (2005),Comedy|Drama
39801,"Great Yokai War, The (Y척kai daisens척) (2005)",Adventure|Comedy|Fantasy|Horror
39869,Manderlay (2005),Drama
40148,Revolver (2005),Crime|Drama|Thriller
40278,Jarhead (2005),Action|Drama|War
40339,Chicken Little (2005),Action|Adventure|Animation|Children|Comedy|Sci-Fi
40412,Dead Man's Shoes (2004),Crime|Thriller
40414,Joyeux No챘l (Merry Christmas) (2005),Drama|War
40478,Night of the Lepus (1972),Horror|Sci-Fi|Thriller
40491,"Match Factory Girl, The (Tulitikkutehtaan tytt철) (1990)",Comedy|Drama
40578,Sword of the Beast (Kedamono no ken) (1965),Action|Drama
40581,Just Friends (2005),Comedy|Romance
40583,Syriana (2005),Drama|Thriller
40597,One-Way Ticket to Mombasa (Menolippu Mombasaan) (2002),Comedy|Drama
40614,Derailed (2005),Drama|Thriller
40617,Creep (2004),Horror|Thriller
40629,Pride & Prejudice (2005),Drama|Romance
40697,Babylon 5,Sci-Fi|Drama
40723,Wolf Creek (2005),Crime|Horror|Thriller
40732,"Descent, The (2005)",Adventure|Drama|Horror|Thriller
40815,Harry Potter and the Goblet of Fire (2005),Adventure|Fantasy|Thriller|IMAX
40819,Walk the Line (2005),Drama|Musical|Romance
40826,Rent (2005),Drama|Musical|Romance
40851,Zathura (2005),Action|Adventure|Children|Fantasy
40870,C.R.A.Z.Y. (2005),Drama|Comedy
40946,Sarah Silverman: Jesus Is Magic (2005),Comedy|Musical
40955,Breakfast on Pluto (2005),Comedy|Drama
40959,"Ice Harvest, The (2005)",Action|Comedy|Crime|Thriller
40962,"Yours, Mine and Ours (2005)",Comedy|Romance
40966,"Libertine, The (2004)",Drama|Romance|History
41014,"Bird with the Crystal Plumage, The (Uccello dalle piume di cristallo, L') (1970)",Crime|Horror|Mystery|Thriller
41285,Match Point (2005),Crime|Drama|Romance
41527,Paradise Now (2005),Crime|Drama|Thriller|War
41566,"Chronicles of Narnia: The Lion, the Witch and the Wardrobe, The (2005)",Adventure|Children|Fantasy
41569,King Kong (2005),Action|Adventure|Drama|Fantasy|Thriller
41571,Memoirs of a Geisha (2005),Drama|Romance
41573,"Family Stone, The (2005)",Comedy|Drama|Romance
41617,Havoc (2005),Crime|Drama|Romance
41627,Samurai Rebellion (J척i-uchi: Hairy척 tsuma shimatsu) (1967),Action|Drama
41712,"Room for Romeo Brass, A (1999)",Comedy|Drama
41716,"Matador, The (2005)",Comedy|Drama|Thriller
41724,Wal-Mart: The High Cost of Low Price (2005),Documentary|Indie
41769,Mozart and the Whale (2005),Comedy|Drama|Romance
41828,Don't Look Now: We're Being Shot At (La grande vadrouille) (1966),Comedy|War
41863,"Three Burials of Melquiades Estrada, The (2006)",Adventure|Crime|Drama
41997,Munich (2005),Action|Crime|Drama|Thriller
42002,"Producers, The (2005)",Comedy|Musical
42004,Transamerica (2005),Adventure|Comedy|Drama
42007,Rumor Has It... (2005),Comedy|Drama|Romance
42009,Cheaper by the Dozen 2 (2005),Adventure|Comedy
42011,Fun with Dick and Jane (2005),Comedy|Crime
42013,"Ringer, The (2005)",Comedy|Sports
42015,Casanova (2005),Action|Adventure|Comedy|Drama|Romance
42018,Mrs. Henderson Presents (2005),Comedy|Drama
42176,"Ear, The (Ucho) (1970)",Drama|Thriller
42191,Luxo Jr. (1986),Animation|Children
42285,"Dentist, The (1996)",Horror|Thriller
42418,"New World, The (2005)",Adventure|Drama|Romance
42422,Voices of a Distant Star (Hoshi no koe) (2003),Animation|Drama|Romance|Sci-Fi
42556,7 Faces of Dr. Lao (1964),Fantasy|Mystery|Western
42559,Samurai Assassin (Samurai) (1965),Action|Adventure|Drama
42602,"Boys of Baraka, The (2005)",Documentary
42632,Lady Vengeance (Sympathy for Lady Vengeance) (Chinjeolhan geumjassi) (2005),Crime|Drama|Mystery|Thriller
42638,Grand Theft Parsons (2003),Comedy|Drama
42718,District 13 (Banlieue 13) (2004),Action|Crime|Sci-Fi
42723,Hostel (2005),Horror
42725,Grandma's Boy (2006),Comedy
42728,Tristan & Isolde (2006),Drama|Romance
42730,Glory Road (2006),Drama|Sports
42732,Last Holiday (2006),Comedy|Romance
42734,Hoodwinked! (2005),Animation|Children|Comedy
42738,Underworld: Evolution (2006),Action|Fantasy|Horror
42740,Looking for Comedy in the Muslim World (2005),Comedy|Drama
42761,Casper Meets Wendy (1998),Adventure|Children|Comedy|Fantasy
42943,Revolution (1985),Adventure|Drama|War
42946,Project A ('A' gai waak) (1983),Action|Comedy
43289,"Bird People in China, The (Ch청goku no ch척jin) (1998)",Adventure|Comedy|Drama|Fantasy
43333,Water (2005),Drama|Romance
43376,Sophie Scholl: The Final Days (Sophie Scholl - Die letzten Tage) (2005),Drama|War
43396,"World's Fastest Indian, The (2005)",Drama|Sports|Adventure
43419,Bandidas (2006),Action|Comedy|Crime|Western
43460,Tristram Shandy: A Cock and Bull Story (2005),Comedy|Drama
43549,Helter Skelter (2004),Action|Crime|Drama|Horror
43556,Annapolis (2006),Drama|Sports|Action
43558,Big Momma's House 2 (2006),Action|Comedy|Crime
43560,Nanny McPhee (2005),Children|Comedy|Fantasy
43677,"Tuskegee Airmen, The (1995)",Drama|War
43679,Final Destination 3 (2006),Horror|Mystery|Thriller
43684,Something New (2006),Comedy|Drama|Romance
43708,Block Party (a.k.a. Dave Chappelle's Block Party) (2005),Comedy|Documentary
43744,Imagine Me & You (2005),Comedy|Drama|Romance
43836,"Pink Panther, The (2006)",Adventure|Comedy|Crime
43869,Curious George (2006),Adventure|Animation|Children|Comedy
43871,Firewall (2006),Crime|Drama|Thriller
43904,When a Stranger Calls (2006),Horror|Thriller
43908,London (2005),Drama|Romance
43912,Freedomland (2006),Crime|Drama
43914,Winter Passing (2005),Drama|Comedy
43917,Eight Below (2006),Action|Adventure|Drama|Romance
43919,Date Movie (2006),Comedy|Romance
43921,Running Scared (2006),Action|Crime|Thriller
43928,Ultraviolet (2006),Action|Fantasy|Sci-Fi|Thriller
43930,Just My Luck (2006),Comedy|Romance
43932,Pulse (2006),Action|Drama|Fantasy|Horror|Mystery|Sci-Fi|Thriller
43936,16 Blocks (2006),Crime|Thriller
44004,Failure to Launch (2006),Comedy|Romance
44020,Ultimate Avengers (2006),Action|Animation|Children|Sci-Fi
44022,Ice Age 2: The Meltdown (2006),Adventure|Animation|Children|Comedy
44189,Ask the Dust (2006),Drama|Romance
44191,V for Vendetta (2006),Action|Sci-Fi|Thriller|IMAX
44193,She's the Man (2006),Comedy|Romance
44195,Thank You for Smoking (2006),Comedy|Drama
44197,Find Me Guilty (2006),Comedy|Crime|Drama
44199,Inside Man (2006),Crime|Drama|Thriller
44204,Tsotsi (2005),Crime|Drama
44225,Aquamarine (2006),Children|Comedy|Fantasy
44238,Leprechaun 2 (1994),Comedy|Fantasy|Horror
44241,Leprechaun 3 (1995),Comedy|Fantasy|Horror
44243,Leprechaun 4: In Space (1997),Comedy|Fantasy|Horror|Sci-Fi
44301,Lights in the Dusk (Laitakaupungin valot) (2006),Crime|Drama
44397,"Hills Have Eyes, The (2006)",Drama|Horror|Thriller
44399,"Shaggy Dog, The (2006)",Adventure|Children|Comedy|Fantasy
44511,Unknown White Male (2005),Documentary|Indie
44555,"Lives of Others, The (Das leben der Anderen) (2006)",Drama|Romance|Thriller
44597,Youth of the Beast (Yaju no seishun) (1963),Action|Crime|Mystery
44613,Take the Lead (2006),Drama|Musical
44633,"Devil and Daniel Johnston, The (2005)",Documentary|Musical
44657,Mouchette (1967),Drama
44665,Lucky Number Slevin (2006),Crime|Drama|Mystery
44694,Volver (2006),Comedy|Drama
44709,Akeelah and the Bee (2006),Drama|Animation
44719,Brainstorm (2001),Drama
44731,Stay Alive (2006),Horror|Sci-Fi|Thriller
44759,Basic Instinct 2 (2006),Crime|Drama|Mystery|Thriller
44761,Brick (2005),Crime|Drama|Film-Noir|Mystery
44773,"Dead Hate the Living!, The (2000)",Comedy|Horror
44777,Evil Aliens (2005),Comedy|Horror|Sci-Fi
44788,This Film Is Not Yet Rated (2006),Documentary
44828,Slither (2006),Comedy|Horror|Sci-Fi
44840,"Benchwarmers, The (2006)",Comedy|Sports
44849,Renaissance (2006),Action|Animation|Film-Noir|Sci-Fi|Thriller
44851,Go for Zucker! (Alles auf Zucker!) (2004),Comedy|Drama
44864,Friends with Money (2006),Comedy|Drama|Romance
44889,Reefer Madness: The Movie Musical (2005),Comedy|Drama|Musical
44929,Candy (2006),Drama|Romance
44931,Secrets of a Soul (Geheimnisse einer Seele) (1926),Drama|Thriller
44937,"Child, The (L'enfant) (2005)",Crime|Drama
44943,9/11 (2002),Documentary
44972,Scary Movie 4 (2006),Comedy|Horror
44974,Hard Candy (2005),Drama|Thriller
45028,"Prairie Home Companion, A (2006)",Comedy|Drama|Musical
45062,"Sentinel, The (2006)",Crime|Drama|Thriller
45074,"Wild, The (2006)",Adventure|Animation|Children|Comedy|Fantasy
45081,Silent Hill (2006),Fantasy|Horror|Thriller
45106,American Dreamz (2006),Comedy|Drama
45175,Kinky Boots (2005),Comedy|Drama
45183,"Protector, The (a.k.a. Warrior King) (Tom yum goong) (2005)",Action|Comedy|Crime|Thriller
45186,Mission: Impossible III (2006),Action|Adventure|Thriller
45208,RV (2006),Adventure|Children|Comedy
45210,United 93 (2006),Crime|Drama
45221,Stick It (2006),Comedy|Sports
45361,"American Haunting, An (2005)",Drama|Horror|Mystery|Thriller
45382,Down in the Valley (2005),Drama|Romance
45431,Over the Hedge (2006),Adventure|Animation|Children|Comedy
45440,Art School Confidential (2006),Comedy|Drama
45442,Poseidon (2006),Action|Adventure|Thriller|IMAX
45447,"Da Vinci Code, The (2006)",Drama|Mystery|Thriller
45499,X-Men: The Last Stand (2006),Action|Sci-Fi|Thriller
45501,"Break-Up, The (2006)",Comedy|Drama|Romance
45503,Peaceful Warrior (2006),Drama|Romance|Sports
45517,Cars (2006),Animation|Children|Comedy
45635,"Notorious Bettie Page, The (2005)",Drama
45648,Game 6 (2005),Comedy|Drama
45658,On a Clear Day (2005),Drama|Sports|Comedy
45662,"Omen, The (2006)",Horror|Thriller
45666,Nacho Libre (2006),Comedy|Family
45668,"Lake House, The (2006)",Drama|Fantasy|Romance
45672,Click (2006),Adventure|Comedy|Drama|Fantasy|Romance
45720,"Devil Wears Prada, The (2006)",Comedy|Drama
45722,Pirates of the Caribbean: Dead Man's Chest (2006),Action|Adventure|Fantasy
45726,"You, Me and Dupree (2006)",Comedy|Romance
45728,Clerks II (2006),Comedy|Drama
45730,Lady in the Water (2006),Drama|Fantasy|Mystery
45732,My Super Ex-Girlfriend (2006),Comedy|Fantasy|Romance
45880,Marie Antoinette (2006),Drama|Romance
45928,Who Killed the Electric Car? (2006),Documentary
45950,"Inconvenient Truth, An (2006)",Documentary
45969,Career Opportunities (1991),Comedy|Romance
46062,High School Musical (2006),Children|Comedy|Drama|Musical|Romance
46105,I Am a Sex Addict (2005),Comedy|Documentary|Romance
46231,Stoned (2005),Drama
46322,Jet Li's Fearless (Huo Yuan Jia) (2006),Action|Drama
46335,"Fast and the Furious: Tokyo Drift, The (Fast and the Furious 3, The) (2006)",Action|Crime|Drama|Thriller
46337,Garfield: A Tail of Two Kitties (2006),Animation|Children|Comedy
46347,Metal: A Headbanger's Journey (2005),Documentary|Drama
46367,"Public Eye, The (1992)",Crime|Thriller
46530,Superman Returns (2006),Action|Adventure|Sci-Fi|IMAX
46559,"Road to Guantanamo, The (2006)",Drama|War
46572,Edmond (2005),Drama|Thriller
46574,"OH in Ohio, The (2006)",Comedy|Romance
46578,Little Miss Sunshine (2006),Adventure|Comedy|Drama
46664,"Fallen Idol, The (1948)",Drama|Mystery|Thriller
46723,Babel (2006),Drama|Thriller
46772,Strangers with Candy (2005),Comedy|Indie
46850,Wordplay (2006),Documentary|Indie
46855,Army of Shadows (L'arm챕e des ombres) (1969),Action|Drama|Thriller|War
46862,Orchestra Rehearsal (Prova d'orchestra) (1978),Drama|Comedy|Musical
46865,Little Man (2006),Comedy|Crime
46948,Monster House (2006),Animation|Children|Fantasy|Mystery
46965,Snakes on a Plane (2006),Action|Comedy|Horror|Thriller
46967,Scoop (2006),Comedy|Fantasy|Mystery
46970,Talladega Nights: The Ballad of Ricky Bobby (2006),Action|Comedy
46972,Night at the Museum (2006),Action|Comedy|Fantasy|IMAX
46974,World Trade Center (2006),Drama|Thriller|Documentary
46976,Stranger than Fiction (2006),Comedy|Drama|Fantasy|Romance
47044,Miami Vice (2006),Action|Crime|Drama|Thriller
47099,"Pursuit of Happyness, The (2006)",Drama
47122,John Tucker Must Die (2006),Comedy|Romance
47124,"Ant Bully, The (2006)",Adventure|Animation|Children|Comedy|Fantasy|IMAX
47200,Crank (2006),Action|Thriller
47202,"Secret Life of Words, The (2005)",Drama|Romance
47254,Chaos (2005),Action|Crime|Drama|Thriller
47261,"Night Listener, The (2006)",Fantasy|Mystery|Thriller
47382,Step Up (2006),Drama|Romance
47384,Zoom (2006),Adventure|Comedy|Drama|Fantasy
47404,Mind Game (2004),Adventure|Animation|Comedy|Fantasy|Romance|Sci-Fi
47423,Half Nelson (2006),Drama
47446,"Moustache, La (2005)",Drama|Mystery|Thriller
47465,Tideland (2005),Drama|Fantasy|Thriller
47491,Adam's Apples (Adams 챈bler) (2005),Comedy|Drama
47516,Material Girls (2006),Children|Comedy|Drama
47518,Accepted (2006),Comedy
47538,Crime Busters (1977),Action|Adventure|Comedy|Crime
47566,Born to Kill (1947),Crime|Drama|Film-Noir
47610,"Illusionist, The (2006)",Drama|Fantasy|Mystery|Romance
47629,The Queen (2006),Drama|Documentary
47640,Beerfest (2006),Comedy|Adventure
47644,Invincible (2006),Drama|Sports
47646,Idlewild (2006),Crime|Drama|Musical
47721,"Red Balloon, The (Ballon rouge, Le) (1956)",Children|Fantasy
47725,Angel-A (2005),Comedy|Drama|Fantasy|Romance
47736,"Chump at Oxford, A (1940)",Comedy
47774,"Icicle Thief, The (Ladri di saponette) (1989)",Comedy|Fantasy
47793,"Puffy Chair, The (2006)",Drama|Romance
47810,"Wicker Man, The (2006)",Horror|Mystery|Thriller
47894,"Wind That Shakes the Barley, The (2006)",Drama|War
47937,Severance (2006),Comedy|Horror|Thriller
47950,Hollywoodland (2006),Crime|Drama|Mystery|Thriller
47952,"Covenant, The (2006)",Action|Horror|Thriller
47970,"Last Kiss, The (2006)",Comedy|Drama
47978,SherryBaby (2006),Drama|Indie
47997,Idiocracy (2006),Adventure|Comedy|Sci-Fi|Thriller
47999,Jesus Camp (2006),Documentary|Drama
48001,"Bow, The (Hwal) (2005)",Drama|Romance
48032,"Tiger and the Snow, The (La tigre e la neve) (2005)",Comedy|Drama|Romance|War
48043,"Fountain, The (2006)",Drama|Fantasy|Romance
48045,Fear City: A Family-Style Comedy (La cit챕 de la peur) (1994),Comedy
48082,"Science of Sleep, The (La science des r챗ves) (2006)",Comedy|Drama|Fantasy|Romance
48142,"Black Dahlia, The (2006)",Crime|Drama|Mystery|Thriller
48150,"Woods, The (2006)",Horror|Mystery
48161,Gridiron Gang (2006),Drama|Sports|Action
48214,Land of Plenty (Angst and Alienation in America) (2004),Drama|War
48262,"Bridge, The (2006)",Documentary
48304,Apocalypto (2006),Adventure|Drama|Thriller
48319,Flyboys (2006),Action|Adventure|Drama|War
48322,Jackass Number Two (2006),Comedy|Documentary
48326,All the King's Men (2006),Drama|Crime
48342,Conversations with Other Women (2005),Comedy|Drama|Romance
48385,Borat: Cultural Learnings of America for Make Benefit Glorious Nation of Kazakhstan (2006),Comedy
48394,"Pan's Labyrinth (Laberinto del fauno, El) (2006)",Drama|Fantasy|Thriller
48412,"Guardian, The (2006)",Action|Adventure|Drama
48414,Open Season (2006),Adventure|Animation|Children|Comedy|IMAX
48416,School for Scoundrels (2006),Comedy|Crime
48516,"Departed, The (2006)",Crime|Drama|Thriller
48518,"Texas Chainsaw Massacre: The Beginning, The (2006)",Horror|Thriller
48520,Employee of the Month (2006),Comedy|Romance
48560,Running With Scissors (2006),Comedy|Drama
48593,Man of the Year (2006),Comedy|Thriller
48596,"Marine, The (2006)",Action|Drama|Thriller
48598,Infamous (2006),Drama|Crime
48638,Fellini's Casanova (Il Casanova di Federico Fellini) (1976),Drama|Romance
48649,Chapayev (1934),Drama|War
48678,Feast (2005),Action|Comedy|Horror|Thriller
48696,Little Children (2006),Drama|Romance
48698,Deliver Us from Evil (2006),Documentary|Drama
48738,"Last King of Scotland, The (2006)",Drama|Thriller
48741,"U.S. vs. John Lennon, The (2006)",Documentary|Drama
48744,Shortbus (2006),Comedy|Drama|Romance
48774,Children of Men (2006),Action|Adventure|Drama|Sci-Fi|Thriller
48780,"Prestige, The (2006)",Drama|Mystery|Sci-Fi|Thriller
48783,Flags of Our Fathers (2006),Drama|War
48872,13 Tzameti (2005),Film-Noir|Thriller
48877,Saw III (2006),Crime|Horror|Thriller
48879,Catch a Fire (2006),Drama|Thriller
48883,Death of a President (2006),Crime|Drama|Mystery|Thriller
48982,Flushed Away (2006),Animation|Comedy
48997,Perfume: The Story of a Murderer (2006),Crime|Drama|Thriller
49013,"Santa Clause 3: The Escape Clause, The (2006)",Comedy|Fantasy
49110,Mom and Dad Save the World (1992),Comedy|Sci-Fi
49130,"Good Year, A (2006)",Comedy|Drama|Romance
49132,Shut Up & Sing (2006),Documentary|Indie
49220,For Your Consideration (2006),Comedy|Drama
49263,Fuck (2005),Comedy|Documentary
49265,Shooting Dogs (a.k.a. Beyond the Gates) (2005),Documentary|Drama|War
49272,Casino Royale (2006),Action|Adventure|Thriller
49274,Happy Feet (2006),Adventure|Animation|Children|Comedy|IMAX
49276,Let's Go to Prison (2006),Comedy|Indie
49278,D챕j횪 Vu (Deja Vu) (2006),Action|Sci-Fi|Thriller
49280,Bobby (2006),Drama
49284,10 Items or Less (2006),Comedy|Drama|Romance
49286,"Holiday, The (2006)",Comedy|Romance
49314,Harsh Times (2006),Action|Crime|Drama
49347,Fast Food Nation (2006),Drama|Documentary|Comedy
49389,The Great Train Robbery (1903),Crime|Western
49396,Tenacious D in The Pick of Destiny (2006),Adventure|Comedy|Musical
49524,"Nativity Story, The (2006)",Drama|Romance|Adventure|History|Fantasy
49530,Blood Diamond (2006),Action|Adventure|Crime|Drama|Thriller|War
49647,Charlotte's Web (2006),Children|Comedy|Drama|Fantasy
49649,Eragon (2006),Action|Adventure|Fantasy
49651,Rocky Balboa (2006),Action|Drama
49666,Fur: An Imaginary Portrait of Diane Arbus (2006),Drama|Fantasy|Romance
49688,"Dam Busters, The (1955)",Action|Drama|War
49735,Another Gay Movie (2006),Comedy|Romance
49772,"Painted Veil, The (2006)",Drama|Romance
49793,We Are Marshall (2006),Drama|Sports
49822,"Good Shepherd, The (2006)",Drama|Thriller
49824,Dreamgirls (2006),Drama|Musical
49910,Freedom Writers (2007),Drama
49917,When the Levees Broke: A Requiem in Four Acts (2006),Documentary
49932,Inland Empire (2006),Drama|Mystery|Thriller
49957,"History Boys, The (2006)",Comedy|Drama
49961,Notes on a Scandal (2006),Drama|Crime|Thriller
50003,DOA: Dead or Alive (2006),Action|Adventure
50005,Curse of the Golden Flower (Man cheng jin dai huang jin jia) (2006),Action|Drama
50064,"Good German, The (2006)",Drama|Mystery|Thriller
50068,Letters from Iwo Jima (2006),Drama|War
50147,Black Christmas (2006),Action|Horror|Thriller
50158,Stomp the Yard (2007),Drama|Musical
50160,Miss Potter (2006),Drama|Family|Romance
50189,American Pie Presents The Naked Mile (American Pie 5: The Naked Mile) (2006),Comedy|Romance
50274,Venus (2006),Drama|Romance
50354,The Return of Don Camillo (1953),Comedy
50356,The Little World of Don Camillo (1952),Comedy
50440,Primeval (2007),Horror|Thriller
50442,Alpha Dog (2007),Crime|Drama
50445,"Hitcher, The (2007)",Action|Horror|Thriller
50514,After the Wedding (Efter brylluppet) (2006),Drama
50601,Bridge to Terabithia (2007),Adventure|Children|Fantasy
50610,Beer League (2006),Comedy|Sports
50613,Dead Meat (2004),Horror|Sci-Fi
50658,49 Up (2005),Documentary|Drama
50685,Waitress (2007),Comedy|Drama|Romance
50740,Seven Up! (1964),Documentary
50792,Catch and Release (2006),Comedy|Drama|Romance
50794,Smokin' Aces (2006),Action|Crime|Drama|Thriller
50796,Blood and Chocolate (2007),Drama|Fantasy|Horror|Romance
50798,Epic Movie (2007),Adventure|Comedy
50800,"Messengers, The (2007)",Drama|Horror|Thriller
50802,Because I Said So (2007),Comedy|Drama|Romance
50804,Hannibal Rising (2007),Drama|Horror|Thriller
50806,Norbit (2007),Comedy|Romance
50842,"Boss of It All, The (Direkt첩ren for det hele) (2006)",Comedy|Drama
50851,Cocaine Cowboys (2006),Documentary|Crime
50872,Ratatouille (2007),Animation|Children|Drama
50912,"Paris, I Love You (Paris, je t'aime) (2006)",Romance|Comedy
50923,"Astronaut Farmer, The (2007)",Drama|Sci-Fi
50942,"Wake Up, Ron Burgundy (2004)",Comedy
50954,It's a Boy Girl Thing (2006),Comedy|Romance
50999,"Ugly Duckling and Me!, The (2006)",Animation|Comedy
51024,The Odyssey (1997),Adventure|Drama|Fantasy
51037,Unknown (2006),Drama|Mystery|Thriller
51077,Ghost Rider (2007),Action|Fantasy|Thriller
51080,Breach (2007),Drama|Thriller
51082,Tyler Perry's Daddy's Little Girls (2007),Comedy|Romance
51084,Music and Lyrics (2007),Comedy|Romance
51086,"Number 23, The (2007)",Drama|Mystery|Thriller
51088,Reno 911!: Miami (2007),Comedy
51091,Black Snake Moan (2006),Drama|Musical|Thriller
51167,My Father and My Son (Babam ve oglum) (2005),Drama
51174,Factory Girl (2006),Drama|Indie
51255,Hot Fuzz (2007),Action|Comedy|Crime|Mystery
51314,Golden Door (Nuovomondo) (2006),Adventure|Drama|Romance
51357,Citizen X (1995),Crime|Drama|Thriller
51412,Next (2007),Action|Sci-Fi|Thriller
51471,Amazing Grace (2006),Drama|Romance
51498,2001 Maniacs (2005),Comedy|Horror
51540,Zodiac (2007),Crime|Drama|Thriller
51545,Pusher III: I'm the Angel of Death (2005),Action|Comedy|Drama|Horror|Thriller
51562,Babylon 5: The Gathering (1993),Sci-Fi|Mystery
51573,Meshes of the Afternoon (1943),Fantasy|Thriller
51575,Wild Hogs (2007),Adventure|Comedy
51662,300 (2007),Action|Fantasy|War|IMAX
51666,"Abandoned, The (2006)",Horror|Mystery|Thriller
51694,Starter for 10 (2006),Drama|Romance
51698,"Last Mimzy, The (2007)",Adventure|Children|Sci-Fi
51705,Priceless (Hors de prix) (2006),Comedy|Romance
51709,"Host, The (Gwoemul) (2006)",Comedy|Drama|Horror|Sci-Fi|Thriller
51834,Becoming Jane (2007),Drama|Romance
51884,"Namesake, The (2006)",Drama|Romance
51903,I Think I Love My Wife (2007),Comedy|Drama|Romance
51925,Premonition (2007),Drama|Fantasy|Mystery|Thriller
51927,Dead Silence (2007),Horror|Mystery|Thriller
51931,Reign Over Me (2007),Drama|Comedy
51933,Pride (2007),Drama|Sports|Family
51935,Shooter (2007),Action|Drama|Thriller
51937,"Hills Have Eyes II, The (2007)",Horror|Thriller
51939,TMNT (Teenage Mutant Ninja Turtles) (2007),Action|Adventure|Animation|Children|Comedy|Fantasy
52042,Black Book (Zwartboek) (2006),Drama|Thriller|War
52241,"Lookout, The (2007)",Crime|Drama|Thriller
52245,Blades of Glory (2007),Comedy|Romance
52279,Are We Done Yet? (2007),Comedy|Family
52281,Grindhouse (2007),Action|Crime|Horror|Sci-Fi|Thriller
52283,"Reaping, The (2007)",Horror|Thriller
52287,Meet the Robinsons (2007),Action|Adventure|Animation|Children|Comedy|Sci-Fi
52299,American Hardcore (2006),Documentary|History
52319,Inglorious Bastards (Quel maledetto treno blindato) (1978),Action|Adventure|Drama|War
52328,Sunshine (2007),Adventure|Drama|Sci-Fi|Thriller
52375,"Hoax, The (2007)",Crime|Drama
52435,How the Grinch Stole Christmas! (1966),Animation|Comedy|Fantasy|Musical
52458,Disturbia (2007),Drama|Thriller
52462,Aqua Teen Hunger Force Colon Movie Film for Theaters (2007),Action|Adventure|Animation|Comedy|Fantasy|Mystery|Sci-Fi
52579,"Vie en Rose, La (M척me, La) (2007)",Drama|Musical
52604,Fracture (2007),Crime|Drama|Mystery|Thriller
52644,Vacancy (2007),Horror|Thriller
52668,In the Land of Women (2007),Comedy|Drama|Romance
52694,Mr. Bean's Holiday (2007),Comedy|Family
52712,"Invisible, The (2007)",Crime|Drama|Fantasy|Mystery|Thriller
52715,Kickin It Old Skool (2007),Comedy|Sports
52722,Spider-Man 3 (2007),Action|Adventure|Sci-Fi|Thriller|IMAX
52724,Lucky You (2007),Comedy|Drama
52730,It's a Very Merry Muppet Christmas Movie (2002),Children|Comedy
52767,21 Up (1977),Documentary
52784,Sharkwater (2006),Documentary
52831,Maniac Cop (1988),Action|Crime|Horror|Thriller
52867,"Ex, The (2007)",Comedy|Romance
52885,Paprika (Papurika) (2006),Animation|Mystery|Sci-Fi
52950,Day Watch (Dnevnoy dozor) (2006),Action|Fantasy|Horror|Thriller
52952,This Is England (2006),Drama|Crime
52967,Away from Her (2006),Drama|Romance
52973,Knocked Up (2007),Comedy|Drama|Romance
52975,Hairspray (2007),Comedy|Drama|Musical
53000,28 Weeks Later (2007),Horror|Sci-Fi|Thriller
53022,Wheels on Meals (Kuai can che) (1984),Action|Comedy|Crime|Romance
53024,Jonestown: The Life and Death of Peoples Temple (2006),Documentary|History
53121,Shrek the Third (2007),Adventure|Animation|Children|Comedy|Fantasy
53123,Once (2006),Drama|Musical|Romance
53125,Pirates of the Caribbean: At World's End (2007),Action|Adventure|Comedy|Fantasy
53127,Bug (2007),Drama|Horror|Thriller
53129,Mr. Brooks (2007),Crime|Drama|Thriller
53138,"Librarian: Return to King Solomon's Mines, The (2006)",Action|Adventure|Fantasy
53140,"Librarian: Quest for the Spear, The (2004)",Action|Adventure|Comedy|Fantasy|Romance
